Order,Family,Genus,Species,Specimen,Gosner_Scale,Snout-Vent_length,Total_length,Eye_Diameter_Right_mm,Eye_Diameter_Left_mm,Wet_Mass,Tag_Weight ,Total_Weight ,Sampler,Museum
Anura,Ranidae,Rana,temporaria,1966.331,46,60.88,NA,6.93,6.76,21.66,0.27,21.39,Samuel_Shrimpton,NHM
Anura,Ranidae,Rana,temporaria,1966.332,46,37.53,NA,3.51,3.88,5.92,0.27,5.65,Samuel_Shrimpton,NHM
Anura,Ranidae,Rana,temporaria,1966.333,46,17.42,NA,1.9,2.04,0.68,0.27,0.41,Samuel_Shrimpton,NHM
Anura,Ranidae,Rana,temporaria,1988.177.921,46,43.28,NA,4.1,4.27,8.48,0.75,7.73,Samuel_Shrimpton,NHM
Anura,Ranidae,Rana,temporaria,1970.758,46,31.13,NA,4.26,4.3,2.99,0.736666667,2.253333333,Samuel_Shrimpton,NHM
Anura,Ranidae,Rana,temporaria,1970.759,46,28.84,NA,4.2,4.14,2.88,0.736666667,2.143333333,Samuel_Shrimpton,NHM
Anura,Ranidae,Rana,temporaria,1970.76,46,28.55,NA,4.36,4.44,2.31,0.736666667,1.573333333,Samuel_Shrimpton,NHM
Anura,Ranidae,Rana,temporaria,1970.761,46,32.44,NA,4.06,4.01,3.08,0.736666667,2.343333333,Samuel_Shrimpton,NHM
Anura,Ranidae,Rana,temporaria,1970.762,46,28.26,NA,4.64,4.15,2.44,0.736666667,1.703333333,Samuel_Shrimpton,NHM
Anura,Ranidae,Rana,temporaria,1956.1.8.9,46,70.39,NA,7.05,7.51,48.52,0.68,47.84,Samuel_Shrimpton,NHM
Anura,Ranidae,Rana,temporaria,1956.1.8.10,46,67.79,NA,6.13,6.18,27.69,0.68,27.01,Samuel_Shrimpton,NHM
Anura,Ranidae,Rana,temporaria,1956.1.8.11,46,74.92,NA,6.4,6.41,29.62,0.68,28.94,Samuel_Shrimpton,NHM
Anura,Ranidae,Rana,temporaria,1956.1.8.12,46,67.54,NA,5.89,6.29,26.42,0.68,25.74,Samuel_Shrimpton,NHM
Anura,Ranidae,Rana,temporaria,1969.2844 (1),36,13.65,37.35,1.26,1.6,0.4,NA,NA,Samuel_Shrimpton,NHM
Anura,Ranidae,Rana,temporaria,1969.2844 (2),37,12.49,32.93,1.33,1.36,0.16,NA,NA,Samuel_Shrimpton,NHM
Anura,Ranidae,Rana,temporaria,1969.2844 (3),34,14.18,35.08,1.23,1.31,0.28,NA,NA,Samuel_Shrimpton,NHM
Anura,Ranidae,Rana,temporaria,1969.2844 (4),37,14.85,29.4,1.28,1.23,0.37,NA,NA,Samuel_Shrimpton,NHM
Anura,Ranidae,Rana,temporaria,1969.2844 (5),39,17.17,41.07,1.68,1.44,0.62,NA,NA,Samuel_Shrimpton,NHM
Anura,Ranidae,Rana,temporaria,1969.2844 (6),31,10.41,26.11,1.05,1.1,0.13,NA,NA,Samuel_Shrimpton,NHM
Anura,Ranidae,Rana,temporaria,1983.921,46,68.05,NA,6.59,6.38,38,0.87,37.13,Samuel_Shrimpton,NHM
Anura,Ranidae,Rana,temporaria,1968.941,46,66.8,NA,6.37,6.66,36.27,0.31,35.96,Samuel_Shrimpton,NHM
Anura,Ranidae,Rana,temporaria,1964.645,46,35.8,NA,3.76,3.79,4.48,0.88,3.6,Samuel_Shrimpton,NHM
Anura,Ranidae,Rana,temporaria,1933.3.7.11,46,84.89,NA,7.06,5.98,65,0.34,64.66,Samuel_Shrimpton,NHM
Anura,Ranidae,Rana,temporaria,1982.1315,46,34.29,NA,3.65,3.63,5.82,0.92,4.9,Samuel_Shrimpton,NHM
Anura,Ranidae,Rana,temporaria,1982.1316,46,31.8,NA,3.66,3.52,4.64,1.01,3.63,Samuel_Shrimpton,NHM
Anura,Ranidae,Rana,temporaria,86.1.22 (5),34,12.19,28.1,1.47,1.34,0.08,NA,NA,Samuel_Shrimpton,NHM
Anura,Ranidae,Rana,temporaria,86.1.22 (6),27,6.11,15.31,0.37,0.44,0.03,NA,NA,Samuel_Shrimpton,NHM
Anura,Ranidae,Rana,temporaria,86.1.22 (7),27,5.16,12.57,0.4,0.43,<0.00,NA,NA,Samuel_Shrimpton,NHM
Anura,Ranidae,Rana,temporaria,86.1.22 (8),26,5.21,11.88,0.44,0.46,<0.00,NA,NA,Samuel_Shrimpton,NHM
Anura,Ranidae,Rana,temporaria,86.1.22 (9),26,5.52,13.79,0.45,0.44,<0.00,NA,NA,Samuel_Shrimpton,NHM
Anura,Ranidae,Rana,temporaria,86.1.22 (10),23,4.43,10.35,0.23,0.22,<0.00,NA,NA,Samuel_Shrimpton,NHM
Anura,Ranidae,Rana,temporaria,86.1.22 (11),27,4.96,12.37,0.48,0.39,<0.00,NA,NA,Samuel_Shrimpton,NHM
Anura,Ranidae,Rana,temporaria,86.1.22 (12),25,3.81,9.53,0.39,0.3,<0.00,NA,NA,Samuel_Shrimpton,NHM
Anura,Ranidae,Rana,temporaria,86.1.22 (13),27,5.67,13.64,0.49,0.45,<0.00,NA,NA,Samuel_Shrimpton,NHM
Anura,Ranidae,Rana,temporaria,86.1.22 (14),27,5.62,13.65,0.46,0.44,<0.00,NA,NA,Samuel_Shrimpton,NHM
Anura,Ranidae,Rana,temporaria,86.1.22 (15),22,4,9.39,0.32,0.3,<0.00,NA,NA,Samuel_Shrimpton,NHM
Anura,Ranidae,Rana,temporaria,86.1.22 (16),24,4.38,9.68,0.36,0.35,<0.00,NA,NA,Samuel_Shrimpton,NHM
Anura,Ranidae,Rana,temporaria,86.1.22 (17),21,NA,6.46,NA,NA,<0.00,NA,NA,Samuel_Shrimpton,NHM
Anura,Ranidae,Rana,temporaria,86.1.22 (18),21,NA,7.8,NA,NA,<0.00,NA,NA,Samuel_Shrimpton,NHM
Anura,Ranidae,Rana,temporaria,86.1.22 (19),21,NA,NA,NA,NA,<0.00,NA,NA,Samuel_Shrimpton,NHM
Anura,Ranidae,Rana,temporaria,96.4.18 (1),46,53.66,NA,5.41,5.43,13.55,0.23,13.32,Samuel_Shrimpton,NHM
Anura,Ranidae,Rana,temporaria,96.4.18 (2),46,51.6,NA,5.42,5.8,12.87,0.2,12.67,Samuel_Shrimpton,NHM
Anura,Ranidae,Rana,temporaria,1933.3.7.3,46,73.52,NA,6.45,6.54,45.54,0.23,45.31,Samuel_Shrimpton,NHM
Anura,Ranidae,Rana,temporaria,1933.3.7.6,46,71,NA,6.34,5.55,31.5,0.22,31.28,Samuel_Shrimpton,NHM
Anura,Ranidae,Rana,temporaria,1933.3.7.8,46,52.54,NA,5.32,5.33,15.36,0.2,15.16,Samuel_Shrimpton,NHM
Anura,Ranidae,Rana,temporaria,1933.3.7.9,46,50.91,NA,4.92,4.78,16.06,0.22,15.84,Samuel_Shrimpton,NHM
Anura,Ranidae,Rana,temporaria,97.12.31.7,46,73.82,NA,7.15,6.34,37.32,0.18,37.14,Samuel_Shrimpton,NHM
Anura,Ranidae,Rana,temporaria,97.12.31.8,46,62.92,NA,7.57,6.83,30.99,0.3,30.69,Samuel_Shrimpton,NHM
Anura,Ranidae,Rana,temporaria,97.12.31.9,46,75.14,NA,7.4,7.15,43.33,0.3,43.03,Samuel_Shrimpton,NHM
Anura,Ranidae,Rana,temporaria,97.12.31.11,46,84.23,NA,7.94,7.63,89,0.11,88.89,Samuel_Shrimpton,NHM
Anura,Ranidae,Rana,temporaria,97.12.31.12,46,62.1,NA,7,6.48,20.93,0.25,20.68,Samuel_Shrimpton,NHM
Anura,Ranidae,Rana,temporaria,94.2.26.14,46,66.93,NA,6.23,6.68,29.75,0.33,29.42,Samuel_Shrimpton,NHM
Anura,Ranidae,Rana,temporaria,94.2.26.15,46,78.87,NA,6.16,6.92,59.69,0.27,59.42,Samuel_Shrimpton,NHM
Anura,Ranidae,Rana,temporaria,1956.1.8 (13),28,9.88,20.82,0.64,0.66,0.1,NA,NA,Samuel_Shrimpton,NHM
Anura,Ranidae,Rana,temporaria,1956.1.8 (14),29,11.95,28.69,0.83,0.8,0.23,NA,NA,Samuel_Shrimpton,NHM
Anura,Ranidae,Rana,temporaria,1956.1.8 (15),28,9.61,21,0.7,0.7,0.08,NA,NA,Samuel_Shrimpton,NHM
Anura,Ranidae,Rana,temporaria,1956.1.8 (16),27,9.75,23.94,0.7,0.83,0.13,NA,NA,Samuel_Shrimpton,NHM
Anura,Ranidae,Rana,temporaria,1956.1.8 (17),30,10.07,23.01,0.83,0.85,0.15,NA,NA,Samuel_Shrimpton,NHM
Anura,Ranidae,Rana,temporaria,1956.1.8 (18),28,11.68,25.1,0.82,0.77,0.14,NA,NA,Samuel_Shrimpton,NHM
Anura,Ranidae,Rana,temporaria,1969.2843 (1),28,7.38,19.96,0.8,0.77,0.06,NA,NA,Samuel_Shrimpton,NHM
Anura,Ranidae,Rana,temporaria,1969.2843 (2),28,7.7,17.1,0.65,0.65,0.05,NA,NA,Samuel_Shrimpton,NHM
Anura,Ranidae,Rana,temporaria,1969.2843 (3),27,7.3,16.65,0.79,0.76,0.05,NA,NA,Samuel_Shrimpton,NHM
Anura,Ranidae,Rana,temporaria,1969.2843 (4),28,8.66,21.06,0.84,0.73,0.08,NA,NA,Samuel_Shrimpton,NHM
Anura,Ranidae,Rana,temporaria,1969.2843 (5),27,6.72,18.48,0.74,0.81,0.03,NA,NA,Samuel_Shrimpton,NHM
Anura,Ranidae,Rana,temporaria,1969.2843 (6),27,5.87,14.65,0.8,0.69,<0.00,NA,NA,Samuel_Shrimpton,NHM
Anura,Ranidae,Rana,temporaria,1969.2843 (7),27,8.15,19.48,0.81,0.83,0.05,NA,NA,Samuel_Shrimpton,NHM
Anura,Ranidae,Rana,temporaria,1969.2843 (8),27,6.52,17.24,0.81,0.79,0.03,NA,NA,Samuel_Shrimpton,NHM
Anura,Ranidae,Rana,temporaria,1969.2843 (9),27,6.84,17.18,0.86,0.82,0.03,NA,NA,Samuel_Shrimpton,NHM
Anura,Ranidae,Rana,temporaria,1969.2843 (10),28,7.2,17.87,0.81,0.88,0.05,NA,NA,Samuel_Shrimpton,NHM
Anura,Ranidae,Rana,temporaria,1969.2843 (11),27,7.3,17.26,0.66,0.67,0.05,NA,NA,Samuel_Shrimpton,NHM
Anura,Ranidae,Rana,temporaria,1969.2843 (12),28,7.98,19.52,0.7,0.64,0.04,NA,NA,Samuel_Shrimpton,NHM
Anura,Ranidae,Rana,temporaria,1969.2843 (13),28,7.97,19.43,0.74,0.72,0.04,NA,NA,Samuel_Shrimpton,NHM
Anura,Ranidae,Rana,temporaria,1969.2843 (14),27,7.23,16.37,0.81,0.77,0.04,NA,NA,Samuel_Shrimpton,NHM
Anura,Ranidae,Rana,temporaria,1969.2843 (15),27,6.77,17.12,0.84,0.78,<0.00,NA,NA,Samuel_Shrimpton,NHM
Anura,Ranidae,Rana,temporaria,1932.9.3.1,46,23.3,NA,2.79,3.11,1.3,0.24,1.06,Samuel_Shrimpton,NHM
Anura,Ranidae,Rana,temporaria,1963.896,38,13.08,29.21,1.43,1.43,0.3,NA,NA,Samuel_Shrimpton,NHM
Anura,Ranidae,Rana,temporaria,1963.897,37,13.47,27.45,1.52,1.54,0.28,NA,NA,Samuel_Shrimpton,NHM
Anura,Ranidae,Rana,temporaria,1963.898,45,10.77,12.77,1.46,1.47,0.13,NA,NA,Samuel_Shrimpton,NHM
Anura,Ranidae,Rana,temporaria,1963.899,45,10.17,11.05,1.4,1.46,0.13,NA,NA,Samuel_Shrimpton,NHM
Anura,Ranidae,Rana,temporaria,1963.9,45,10.48,11.12,1.67,1.57,0.11,NA,NA,Samuel_Shrimpton,NHM
Anura,Ranidae,Rana,temporaria,81.5.9 (1),46,57.6,NA,4.78,5.13,19,0.205,18.795,Samuel_Shrimpton,NHM
Anura,Ranidae,Rana,temporaria,81.5.9 (2),46,57.9,NA,6,6.76,21.13,0.205,20.925,Samuel_Shrimpton,NHM
Anura,Ranidae,Rana,temporaria,81.5.9 (3),46,52.25,NA,5.14,5.65,11.8,0.205,11.595,Samuel_Shrimpton,NHM
Anura,Ranidae,Rana,temporaria,81.5.9 (4),46,46.27,NA,4.88,5.1,8.77,0.205,8.565,Samuel_Shrimpton,NHM
Anura,Ranidae,Rana,temporaria,1968.936,46,77,NA,7.14,7.44,22.84,0.205,22.635,Samuel_Shrimpton,NHM
Anura,Ranidae,Rana,temporaria,1968.937,46,50.9,NA,6,6.41,14.83,0.205,14.625,Samuel_Shrimpton,NHM
Anura,Ranidae,Rana,temporaria,1920.1.20.2958B,46,35.37,NA,3.78,3.99,4.24,0.24,4,Samuel_Shrimpton,NHM
Anura,Ranidae,Rana,temporaria,1920.1.20.2958D,46,34,NA,4.4,3.68,3.89,0.24,3.65,Samuel_Shrimpton,NHM
Anura,Ranidae,Rana,temporaria,1920.1.20.2958C,46,34.53,NA,3.96,3.74,4.41,0.24,4.17,Samuel_Shrimpton,NHM
Anura,Ranidae,Rana,temporaria,1920.1.20.2958A,46,57.98,NA,6.71,6.75,19.88,0.24,19.64,Samuel_Shrimpton,NHM
Anura,Ranidae,Rana,temporaria,1903.730.2,46,57.93,NA,5.52,5.35,21.2,0.24,20.96,Samuel_Shrimpton,NHM
Anura,Ranidae,Rana,temporaria,1903.730.1,46,46.54,NA,5.08,5.58,11.56,0.24,11.32,Samuel_Shrimpton,NHM
Anura,Ranidae,Rana,temporaria,1891.11.7.6,46,26.83,NA,3.21,3.34,1.69,0.24,1.45,Samuel_Shrimpton,NHM
Anura,Ranidae,Rana,temporaria,1891.11.7.5,46,27.95,NA,3.42,4.08,2.21,0.24,1.97,Samuel_Shrimpton,NHM
Anura,Ranidae,Rana,temporaria,1891.11.7.4,46,28.44,NA,3.25,3.84,2.21,0.24,1.97,Samuel_Shrimpton,NHM
Anura,Ranidae,Rana,temporaria,1891.11.7.3,46,38.21,NA,4.73,3.96,5.45,0.24,5.21,Samuel_Shrimpton,NHM
Anura,Ranidae,Rana,temporaria,1891.11.7.2,46,55.9,NA,5.82,5.89,17.38,0.24,17.14,Samuel_Shrimpton,NHM
Anura,Ranidae,Rana,temporaria,1891.11.7.1,46,69,NA,6.27,6.23,19.49,0.24,19.25,Samuel_Shrimpton,NHM
Anura,Ranidae,Rana,temporaria,1900.9.11.2,46,56.39,NA,5.72,5.62,17.78,0.24,17.54,Samuel_Shrimpton,NHM
Anura,Ranidae,Rana,temporaria,1949.1.2.99,46,35.18,NA,4.54,4.1,3.18,0.24,2.94,Samuel_Shrimpton,NHM
Anura,Ranidae,Rana,temporaria,1972.1702,46,28.36,NA,3.23,3.35,2.63,0.736666667,1.893333333,Samuel_Shrimpton,NHM
Anura,Ranidae,Rana,temporaria,1972.1706,46,26.87,NA,2.85,3.12,2.17,0.736666667,1.433333333,Samuel_Shrimpton,NHM
Anura,Ranidae,Rana,temporaria,1972.171,46,24.22,NA,2.57,2.7,2.01,0.736666667,1.273333333,Samuel_Shrimpton,NHM
Anura,Ranidae,Rana,temporaria,1972.1709,46,24.39,NA,3.28,3.08,1.75,0.736666667,1.013333333,Samuel_Shrimpton,NHM
Anura,Ranidae,Rana,temporaria,1972.1711,46,21.66,NA,2.62,2.84,1.61,0.736666667,0.873333333,Samuel_Shrimpton,NHM
Anura,Ranidae,Rana,temporaria,1972.1708,46,26.1,NA,2.94,2.62,1.97,0.736666667,1.233333333,Samuel_Shrimpton,NHM
Anura,Ranidae,Rana,temporaria,1972.1705,46,26.72,NA,2.84,3.24,1.97,0.736666667,1.233333333,Samuel_Shrimpton,NHM
Anura,Ranidae,Rana,temporaria,1972.1707,46,26.14,NA,2.93,2.98,2.01,0.736666667,1.273333333,Samuel_Shrimpton,NHM
Anura,Ranidae,Rana,temporaria,1972.1701,46,28.39,NA,3.27,3.14,2.69,0.736666667,1.953333333,Samuel_Shrimpton,NHM
Anura,Ranidae,Rana,temporaria,1972.17,46,34.49,NA,3.89,3.63,4,0.736666667,3.263333333,Samuel_Shrimpton,NHM
Anura,Ranidae,Rana,temporaria,1972.1704,46,27.79,NA,3,2.84,2.22,0.736666667,1.483333333,Samuel_Shrimpton,NHM
Anura,Ranidae,Rana,temporaria,1972.1703,46,25.14,NA,3.05,3.01,2.11,0.736666667,1.373333333,Samuel_Shrimpton,NHM
Anura,Ranidae,Rana,temporaria,1972.1699,46,29.65,NA,3.41,3.05,2.98,0.736666667,2.243333333,Samuel_Shrimpton,NHM
Anura,Ranidae,Rana,temporaria,1887.8.25 (14),46,71.57,NA,7.15,6.58,36.45,0.24,36.21,Samuel_Shrimpton,NHM
Anura,Ranidae,Rana,temporaria,1887.8.25 (15),46,73.82,NA,5.97,6.25,41.8,0.24,41.56,Samuel_Shrimpton,NHM
Anura,Ranidae,Rana,temporaria,1887.8.25 (16),46,71.03,NA,7.17,7.16,39.49,0.24,39.25,Samuel_Shrimpton,NHM
Anura,Ranidae,Rana,temporaria,1887.8.25 (17),46,80.39,NA,7,6.22,45.39,0.24,45.15,Samuel_Shrimpton,NHM
Anura,Ranidae,Rana,temporaria,1965.824,46,50.22,NA,6.34,5.75,16.57,0.996666667,15.57333333,Samuel_Shrimpton,NHM
Anura,Ranidae,Rana,temporaria,1972.1696,46,24.3,NA,3.05,3.13,2.07,0.736666667,1.333333333,Samuel_Shrimpton,NHM
Anura,Ranidae,Rana,temporaria,1972.1693,46,27.69,NA,3.28,3.16,2.5,0.736666667,1.763333333,Samuel_Shrimpton,NHM
Anura,Ranidae,Rana,temporaria,1972.1691,46,28.19,NA,3.67,3.37,2.29,0.736666667,1.553333333,Samuel_Shrimpton,NHM
Anura,Ranidae,Rana,temporaria,1972.169,46,32.7,NA,3.31,3.34,2.58,0.736666667,1.843333333,Samuel_Shrimpton,NHM
Anura,Ranidae,Rana,temporaria,1972.1698,46,23.38,NA,2.74,2.51,1.74,0.736666667,1.003333333,Samuel_Shrimpton,NHM
Anura,Ranidae,Rana,temporaria,1972.1697,46,24.42,NA,2.92,2.84,2.05,0.736666667,1.313333333,Samuel_Shrimpton,NHM
Anura,Ranidae,Rana,temporaria,1972.1695,46,25.41,NA,3.11,2.95,2.24,0.736666667,1.503333333,Samuel_Shrimpton,NHM
Anura,Ranidae,Rana,temporaria,1972.1692,46,26.06,NA,2.85,2.72,2.26,0.736666667,1.523333333,Samuel_Shrimpton,NHM
Anura,Ranidae,Rana,temporaria,1972.1689,46,27.01,NA,3,3.15,2.32,0.736666667,1.583333333,Samuel_Shrimpton,NHM
Anura,Ranidae,Rana,temporaria,1972.1688,46,26.44,NA,2.91,2.87,2.6,0.736666667,1.863333333,Samuel_Shrimpton,NHM
Anura,Ranidae,Rana,temporaria,1972.1687,46,28.61,NA,3.02,3.21,2.75,0.736666667,2.013333333,Samuel_Shrimpton,NHM
Anura,Ranidae,Rana,temporaria,1972.1686,46,28.24,NA,3.27,3.16,2.69,0.736666667,1.953333333,Samuel_Shrimpton,NHM
Anura,Ranidae,Rana,temporaria,1972.1694,46,25.35,NA,3.14,3.16,2.17,0.736666667,1.433333333,Samuel_Shrimpton,NHM
Anura,Ranidae,Rana,temporaria,1972.1684,46,29.37,NA,3.59,3.52,2.97,0.736666667,2.233333333,Samuel_Shrimpton,NHM
Anura,Ranidae,Rana,temporaria,1972.1685,46,29.7,NA,2.92,2.86,2.55,0.736666667,1.813333333,Samuel_Shrimpton,NHM
Anura,Ranidae,Rana,temporaria,95.9.7.32,41,13,33.81,1.41,1.58,0.27,NA,NA,Samuel_Shrimpton,NHM
Anura,Ranidae,Rana,temporaria,95.9.7.33,35,13.73,31.53,1.74,1.6,0.23,NA,NA,Samuel_Shrimpton,NHM
Anura,Ranidae,Rana,temporaria,95.9.7.34,39,15.26,37.81,1.56,1.81,0.28,NA,NA,Samuel_Shrimpton,NHM
Anura,Ranidae,Rana,temporaria,95.9.7.35,37,14.73,33.45,1.72,1.79,0.3,NA,NA,Samuel_Shrimpton,NHM
Anura,Ranidae,Rana,temporaria,95.9.7.36,37,16.07,35.71,1.64,1.65,0.35,NA,NA,Samuel_Shrimpton,NHM
Anura,Ranidae,Rana,temporaria,94.5.7.25,34,14.69,35.26,1.31,1.34,0.5,NA,NA,Samuel_Shrimpton,NHM
Anura,Ranidae,Rana,temporaria,94.5.7.26,34,13.68,40.51,1.57,1.44,0.47,NA,NA,Samuel_Shrimpton,NHM
Anura,Ranidae,Rana,temporaria,94.5.7.27,35,13.13,39.73,1.55,1.56,0.49,NA,NA,Samuel_Shrimpton,NHM
Anura,Ranidae,Rana,temporaria,94.5.7.28,34,15.6,42.42,1.3,1.42,0.63,NA,NA,Samuel_Shrimpton,NHM
Anura,Ranidae,Rana,temporaria,94.5.7.29,35,15.05,42.57,1.69,1.7,0.73,NA,NA,Samuel_Shrimpton,NHM
Anura,Ranidae,Rana,temporaria,1920.1.20.216 (1),41,NA,49.97,2.28,2.41,0.98,NA,NA,Samuel_Shrimpton,NHM
Anura,Ranidae,Rana,temporaria,1920.1.20.216 (2),41,NA,40.57,2.22,2.1,0.51,NA,NA,Samuel_Shrimpton,NHM
Anura,Ranidae,Rana,temporaria,1920.1.20.216 (3),40,NA,37.1,1.93,2.38,0.44,NA,NA,Samuel_Shrimpton,NHM
Anura,Ranidae,Rana,temporaria,1920.1.20.216 (4),40,NA,48.37,2.06,2.18,0.85,NA,NA,Samuel_Shrimpton,NHM
Anura,Ranidae,Rana,temporaria,1920.1.20.216 (5),41,NA,43.1,2,2.24,0.46,NA,NA,Samuel_Shrimpton,NHM
Anura,Ranidae,Rana,temporaria,1920.1.20.216 (6),39,NA,49.61,2.42,2.25,0.9,NA,NA,Samuel_Shrimpton,NHM
Anura,Ranidae,Rana,temporaria,1920.1.20.216 (7),36,NA,32.57,2.05,2.03,0.27,NA,NA,Samuel_Shrimpton,NHM
Anura,Ranidae,Rana,temporaria,1920.1.20.216 (8),37,NA,31.64,1.44,1.51,0.18,NA,NA,Samuel_Shrimpton,NHM
Anura,Ranidae,Rana,temporaria,1920.1.20.216 (9),46,19.1,NA,2.47,2.54,0.56,NA,NA,Samuel_Shrimpton,NHM
Anura,Bufonidae,Bufo ,bufo,1961.973,32,9.27,19.31,0.88,0.82,0.14,NA,NA,Samuel_Shrimpton,NHM
Anura,Bufonidae,Bufo ,bufo,1961.974,33,10.7,20.41,0.99,0.8,0.16,NA,NA,Samuel_Shrimpton,NHM
Anura,Bufonidae,Bufo ,bufo,1961.975,31,8.32,16.59,0.88,0.89,0.06,NA,NA,Samuel_Shrimpton,NHM
Anura,Bufonidae,Bufo ,bufo,1961.976,33,9.98,20.97,0.93,0.96,0.14,NA,NA,Samuel_Shrimpton,NHM
Anura,Bufonidae,Bufo ,bufo,1961.977,32,9.69,18.08,0.86,0.88,0.11,NA,NA,Samuel_Shrimpton,NHM
Anura,Bufonidae,Bufo ,bufo,1961.978,33,10.42,16.23,0.95,0.91,0.13,NA,NA,Samuel_Shrimpton,NHM
Anura,Bufonidae,Bufo ,bufo,1961.979,33,11,20.57,0.85,0.97,0.12,NA,NA,Samuel_Shrimpton,NHM
Anura,Bufonidae,Bufo ,bufo,1961.98,32,9.8,18.31,0.89,0.79,0.14,NA,NA,Samuel_Shrimpton,NHM
Anura,Bufonidae,Bufo ,bufo,1961.981,32,10.41,20.49,0.98,1.27,0.13,NA,NA,Samuel_Shrimpton,NHM
Anura,Bufonidae,Bufo ,bufo,1973.758,46,48.58,NA,4.35,4.46,15.08,0.736666667,14.34333333,Samuel_Shrimpton,NHM
Anura,Bufonidae,Bufo ,bufo,1951.1.4.62,46,59.07,NA,4.32,4.8,26.02,0.7,25.32,Samuel_Shrimpton,NHM
Anura,Bufonidae,Bufo ,bufo,93.8.22.2,46,54.27,NA,4.83,4.83,14.53,NA,NA,Samuel_Shrimpton,NHM
Anura,Bufonidae,Bufo ,bufo,1973.759,46,30.18,NA,3.57,3.6,4.84,0.736666667,4.103333333,Samuel_Shrimpton,NHM
Anura,Bufonidae,Bufo ,bufo,1973.76,46,17.97,NA,1.96,2.18,1.2,0.736666667,0.463333333,Samuel_Shrimpton,NHM
Anura,Bufonidae,Bufo ,bufo,94.7.20.3,46,66.77,NA,5.2,5.44,29.76,NA,NA,Samuel_Shrimpton,NHM
Anura,Bufonidae,Bufo ,bufo,94.7.20.4,46,63,NA,5.34,5.41,19.47,NA,NA,Samuel_Shrimpton,NHM
Anura,Bufonidae,Bufo ,bufo,1968.887,46,66.7,NA,6.14,5.87,34.43,0.445,33.985,Samuel_Shrimpton,NHM
Anura,Bufonidae,Bufo ,bufo,1968.888,46,50.62,NA,4.29,6.01,15.34,0.445,14.895,Samuel_Shrimpton,NHM
Anura,Bufonidae,Bufo ,bufo,86.1.22 (11),38,13.4,30.78,1.83,1.86,0.37,NA,NA,Samuel_Shrimpton,NHM
Anura,Bufonidae,Bufo ,bufo,86.1.22 (12),41,NA,28.54,1.91,1.84,0.25,NA,NA,Samuel_Shrimpton,NHM
Anura,Bufonidae,Bufo ,bufo,86.1.22 (13),41,13.09,28.8,1.81,1.74,0.26,NA,NA,Samuel_Shrimpton,NHM
Anura,Bufonidae,Bufo ,bufo,86.1.22 (14),32,11.95,24.23,1.1,1.09,0.17,NA,NA,Samuel_Shrimpton,NHM
Anura,Bufonidae,Bufo ,bufo,86.1.22 (15),32,11.2,23.22,0.97,1.12,0.16,NA,NA,Samuel_Shrimpton,NHM
Anura,Bufonidae,Bufo ,bufo,86.1.22 (16),31,11.38,22.54,1.04,1.06,0.14,NA,NA,Samuel_Shrimpton,NHM
Anura,Bufonidae,Bufo ,bufo,86.1.22 (17),31,11.73,23.23,0.81,0.96,0.16,NA,NA,Samuel_Shrimpton,NHM
Anura,Bufonidae,Bufo ,bufo,86.1.22 (18),32,12,23.74,1.11,1.09,0.18,NA,NA,Samuel_Shrimpton,NHM
Anura,Bufonidae,Bufo ,bufo,86.1.22 (19),32,11.15,22.41,0.95,1.02,0.12,NA,NA,Samuel_Shrimpton,NHM
Anura,Bufonidae,Bufo ,bufo,86.1.22 (20),32,10.74,16.37,0.89,0.93,0.12,NA,NA,Samuel_Shrimpton,NHM
Anura,Bufonidae,Bufo ,bufo,86.1.22 (21),38,13.94,30.15,1.48,1.47,0.26,NA,NA,Samuel_Shrimpton,NHM
Anura,Bufonidae,Bufo ,bufo,86.1.22 (22),42,11.78,28.14,1.94,1.71,0.2,NA,NA,Samuel_Shrimpton,NHM
Anura,Bufonidae,Bufo ,bufo,86.1.22 (23),38,14.65,30.57,1.6,1.7,0.27,NA,NA,Samuel_Shrimpton,NHM
Anura,Bufonidae,Bufo ,bufo,86.1.22 (24),31,11.2,22.43,1.07,0.84,0.13,NA,NA,Samuel_Shrimpton,NHM
Anura,Bufonidae,Bufo ,bufo,86.1.22 (25),39,13.49,26.92,1.48,1.35,0.26,NA,NA,Samuel_Shrimpton,NHM
Anura,Bufonidae,Bufo ,bufo,1934.10.18.1,46,61.33,NA,5.06,5.74,25.68,NA,NA,Samuel_Shrimpton,NHM
Anura,Bufonidae,Bufo ,bufo,1936.12.3.18,46,86.01,NA,6.58,7.05,86,NA,NA,Samuel_Shrimpton,NHM
Anura,Bufonidae,Bufo ,bufo,19.8.21.3,46,79.71,NA,6.13,6.37,78,NA,NA,Samuel_Shrimpton,NHM
Anura,Bufonidae,Bufo ,bufo,1964.32,27,5.46,11.18,0.49,0.52,<0.00,NA,NA,Samuel_Shrimpton,NHM
Anura,Bufonidae,Bufo ,bufo,1964.321,27,6.02,NA,0.47,0.48,<0.00,NA,NA,Samuel_Shrimpton,NHM
Anura,Bufonidae,Bufo ,bufo,1964.322,27,5.5,10.87,0.51,0.49,<0.00,NA,NA,Samuel_Shrimpton,NHM
Anura,Bufonidae,Bufo ,bufo,1954.1.3.91,28,8.65,18.47,0.89,0.85,0.07,NA,NA,Samuel_Shrimpton,NHM
Anura,Bufonidae,Bufo ,bufo,1954.1.3.92,32,10.77,20.44,0.94,0.93,0.13,NA,NA,Samuel_Shrimpton,NHM
Anura,Bufonidae,Bufo ,bufo,1954.1.3.93,32,9.88,21.67,0.95,1.03,0.09,NA,NA,Samuel_Shrimpton,NHM
Anura,Bufonidae,Bufo ,bufo,1954.1.3.94,28,8.69,18.45,0.85,0.84,0.08,NA,NA,Samuel_Shrimpton,NHM
Anura,Bufonidae,Bufo ,bufo,1954.1.3.79,28,NA,18.53,0.79,0.8,0.11,NA,NA,Samuel_Shrimpton,NHM
Anura,Bufonidae,Bufo ,bufo,1954.1.3.80,28,9.79,20.1,0.86,0.79,0.09,NA,NA,Samuel_Shrimpton,NHM
Anura,Bufonidae,Bufo ,bufo,1954.1.3.81,29,10.16,21.86,0.87,0.86,0.11,NA,NA,Samuel_Shrimpton,NHM
Anura,Bufonidae,Bufo ,bufo,1954.1.3.82,28,9.62,19.06,0.93,0.77,0.09,NA,NA,Samuel_Shrimpton,NHM
Anura,Bufonidae,Bufo ,bufo,1954.1.3.83,28,10.1,15.18,0.79,0.91,0.12,NA,NA,Samuel_Shrimpton,NHM
Anura,Bufonidae,Bufo ,bufo,1954.1.3.84,29,10.3,20.82,0.84,0.77,0.09,NA,NA,Samuel_Shrimpton,NHM
Anura,Bufonidae,Bufo ,bufo,1954.1.3.85,28,10.04,19,0.82,0.87,0.1,NA,NA,Samuel_Shrimpton,NHM
Anura,Bufonidae,Bufo ,bufo,1954.1.3.86,30,10.21,20.81,0.88,0.84,0.12,NA,NA,Samuel_Shrimpton,NHM
Anura,Bufonidae,Bufo ,bufo,1954.1.3.87,28,8.92,18.92,0.8,0.78,0.09,NA,NA,Samuel_Shrimpton,NHM
Anura,Bufonidae,Bufo ,bufo,1954.1.3.88,28,8.97,18.96,0.81,0.84,0.12,NA,NA,Samuel_Shrimpton,NHM
Anura,Bufonidae,Bufo ,bufo,1954.1.3.89,28,8.35,21.75,0.93,0.89,0.09,NA,NA,Samuel_Shrimpton,NHM
Anura,Bufonidae,Bufo ,bufo,1954.1.3.90,28,9.28,19.53,0.82,0.91,0.08,NA,NA,Samuel_Shrimpton,NHM
Anura,Bufonidae,Bufo ,bufo,1964.646,46,34.42,NA,3.4,3.1,4.48,0.306666667,4.173333333,Samuel_Shrimpton,NHM
Anura,Bufonidae,Bufo ,bufo,1964.647,46,42.83,NA,4.03,4.22,10.15,0.996666667,9.153333333,Samuel_Shrimpton,NHM
Anura,Bufonidae,Bufo ,bufo,1949.1.8.49,46,57.25,NA,5.5,6.04,24.5,NA,NA,Samuel_Shrimpton,NHM
Anura,Bufonidae,Bufo ,bufo,1949.1.8.50,46,81.67,NA,7.15,7.01,49.23,NA,NA,Samuel_Shrimpton,NHM
Anura,Pipidae ,Xenopus ,victorianus ,1977.1465,46,47.47,NA,2.65,2.35,11.88,0.8,NA,Samuel_Shrimpton,NHM
Anura,Pipidae ,Xenopus ,victorianus ,1977.147,46,43.41,NA,2.43,2.55,12.77,0.8,NA,Samuel_Shrimpton,NHM
Anura,Pipidae ,Xenopus ,victorianus ,1977.1471,46,39.54,NA,2.74,2.54,9.65,0.8,NA,Samuel_Shrimpton,NHM
Anura,Pipidae ,Xenopus ,victorianus ,1977.1468,46,43.18,NA,2.57,2.76,11.31,0.8,NA,Samuel_Shrimpton,NHM
Anura,Pipidae ,Xenopus ,victorianus ,1977.1472,46,38.52,NA,2.54,2.71,11.42,0.8,NA,Samuel_Shrimpton,NHM
Anura,Pipidae ,Xenopus ,victorianus ,1977.1467,46,44.9,NA,2.56,2.44,12.96,0.8,NA,Samuel_Shrimpton,NHM
Anura,Pipidae ,Xenopus ,victorianus ,1977.1466,46,45.36,NA,2.77,2.7,13.1,0.8,NA,Samuel_Shrimpton,NHM
Anura,Pipidae ,Xenopus ,victorianus ,1977.1464,46,56.57,NA,2.52,2.59,14.86,0.8,NA,Samuel_Shrimpton,NHM
Anura,Pipidae ,Xenopus ,victorianus ,1977.1469,46,42.87,NA,2.57,2.59,12.52,0.8,NA,Samuel_Shrimpton,NHM
Anura,Pipidae ,Xenopus ,victorianus ,1977.1473,46,35.81,NA,2.45,2.41,8.42,0.8,NA,Samuel_Shrimpton,NHM
Anura,Pipidae ,Xenopus ,victorianus ,1977.1461,46,47.5,NA,2.66,2.6,20.22,0.8,NA,Samuel_Shrimpton,NHM
Anura,Pipidae ,Xenopus ,victorianus ,1977.1463,46,46.65,NA,2.72,2.73,15.41,0.8,NA,Samuel_Shrimpton,NHM
Anura,Pipidae ,Xenopus ,victorianus ,1977.146,46,51.82,NA,2.24,2.51,19.87,0.8,NA,Samuel_Shrimpton,NHM
Anura,Pipidae ,Xenopus ,victorianus ,1977.1462,46,48.92,NA,2.79,2.81,17.95,0.8,NA,Samuel_Shrimpton,NHM
Anura,Pipidae ,Xenopus ,victorianus ,1977.1459,46,51.82,NA,2.46,2.5,26.43,0.8,NA,Samuel_Shrimpton,NHM
Anura,Pipidae ,Xenopus ,victorianus ,1977.1458,46,54.22,NA,2.7,2.61,22.3,0.8,NA,Samuel_Shrimpton,NHM
Anura,Pipidae ,Xenopus ,victorianus ,1977.1457,46,54.51,NA,2.62,2.56,27.53,0.8,NA,Samuel_Shrimpton,NHM
Anura,Pipidae ,Xenopus ,victorianus ,1977.1455,46,54.53,NA,2.56,2.52,23.31,0.8,NA,Samuel_Shrimpton,NHM
Anura,Pipidae ,Xenopus ,victorianus ,1977.1454,46,53.68,NA,2.78,2.88,22.14,0.8,NA,Samuel_Shrimpton,NHM
Anura,Pipidae ,Xenopus ,victorianus ,1977.1456,46,54.05,NA,2.82,2.86,25.66,0.8,NA,Samuel_Shrimpton,NHM
Anura,Pipidae ,Xenopus ,victorianus ,1977.1506,42,19.44,NA,2.55,2.61,0.84,NA,NA,Samuel_Shrimpton,NHM
Anura,Pipidae ,Xenopus ,victorianus ,1977.1507,40,20.51,NA,1.97,1.95,0.99,NA,NA,Samuel_Shrimpton,NHM
Anura,Pipidae ,Xenopus ,victorianus ,1977.1508,37,23.07,41.03,2.02,2.05,1.05,NA,NA,Samuel_Shrimpton,NHM
Anura,Pipidae ,Xenopus ,victorianus ,1977.1509,37,20.95,NA,1.83,1.88,0.72,NA,NA,Samuel_Shrimpton,NHM
Anura,Pipidae ,Xenopus ,victorianus ,1977.151,37,22.64,NA,1.82,1.89,0.68,NA,NA,Samuel_Shrimpton,NHM
Anura,Pipidae ,Xenopus ,victorianus ,1977.1511,37,19.95,NA,1.92,1.83,0.92,NA,NA,Samuel_Shrimpton,NHM
Anura,Pipidae ,Xenopus ,victorianus ,1977.1512,34,16.57,35.18,1.75,1.68,0.36,NA,NA,Samuel_Shrimpton,NHM
Anura,Pipidae ,Xenopus ,victorianus ,1977.1513,37,21.41,NA,1.68,1.88,0.89,NA,NA,Samuel_Shrimpton,NHM
Anura,Pipidae ,Xenopus ,victorianus ,1977.1514,35,15.47,31.61,1.9,1.49,0.52,NA,NA,Samuel_Shrimpton,NHM
Anura,Pipidae ,Xenopus ,victorianus ,1977.1515,37,19.65,NA,1.61,1.83,0.81,NA,NA,Samuel_Shrimpton,NHM
Anura,Pipidae ,Xenopus ,victorianus ,1977.1516,38,21.88,NA,1.41,1.71,0.93,NA,NA,Samuel_Shrimpton,NHM
Anura,Pipidae ,Xenopus ,victorianus ,1977.1517,37,20.92,41.79,2.01,2.03,0.95,NA,NA,Samuel_Shrimpton,NHM
Anura,Pipidae ,Xenopus ,victorianus ,1977.1518,27,13.54,29.54,1.17,1.5,0.18,NA,NA,Samuel_Shrimpton,NHM
Anura,Pipidae ,Xenopus ,victorianus ,1977.1519,31,NA,NA,1.5,1.59,0.28,NA,NA,Samuel_Shrimpton,NHM
Anura,Pipidae ,Xenopus ,victorianus ,1977.152,28,13.72,25.01,1.49,1.63,0.21,NA,NA,Samuel_Shrimpton,NHM
Anura,Pipidae ,Xenopus ,victorianus ,1977.1521,27,15.27,NA,1.4,1.49,0.28,NA,NA,Samuel_Shrimpton,NHM
Anura,Pipidae ,Xenopus ,victorianus ,1977.1522,36,19.57,38.26,1.81,1.47,0.72,NA,NA,Samuel_Shrimpton,NHM
Anura,Pipidae ,Xenopus ,victorianus ,1977.1523,28,NA,31.54,1.56,1.59,0.31,NA,NA,Samuel_Shrimpton,NHM
Anura,Pipidae ,Xenopus ,victorianus ,1977.1524,33,18.08,NA,1.7,1.77,0.44,NA,NA,Samuel_Shrimpton,NHM
Anura,Pipidae ,Xenopus ,victorianus ,1977.1525,35,NA,30.44,1.58,1.51,0.34,NA,NA,Samuel_Shrimpton,NHM
Anura,Pipidae ,Xenopus ,victorianus ,1977.1526,27,12.2,NA,1.35,1.38,0.16,NA,NA,Samuel_Shrimpton,NHM
Anura,Pipidae ,Xenopus ,victorianus ,1977.1527,27,NA,NA,1.57,1.63,0.28,NA,NA,Samuel_Shrimpton,NHM
Anura,Pipidae ,Xenopus ,victorianus ,1977.1528,36,18,NA,1.91,2.05,1.01,NA,NA,Samuel_Shrimpton,NHM
Anura,Pipidae ,Xenopus ,victorianus ,1977.1529,36,22.19,NA,2.01,1.94,0.62,NA,NA,Samuel_Shrimpton,NHM
Anura,Pipidae ,Xenopus ,victorianus ,1977.1449,46,40.5,NA,2.8,2.54,10.58,0.8,9.78,Samuel_Shrimpton,NHM
Anura,Pipidae ,Xenopus ,victorianus ,1977.1451,46,41.14,NA,2.46,2.52,10.27,0.8,9.47,Samuel_Shrimpton,NHM
Anura,Pipidae ,Xenopus ,victorianus ,1977.145,46,40.64,NA,2.48,2.59,10.85,0.8,10.05,Samuel_Shrimpton,NHM
Anura,Pipidae ,Xenopus ,victorianus ,1977.144,46,51.53,NA,2.93,2.81,20.68,0.8,19.88,Samuel_Shrimpton,NHM
Anura,Pipidae ,Xenopus ,victorianus ,1977.1442,46,49.88,NA,2.7,2.72,19.37,0.8,18.57,Samuel_Shrimpton,NHM
Anura,Pipidae ,Xenopus ,victorianus ,1977.1447,46,42.72,NA,2.47,2.66,10.57,0.8,9.77,Samuel_Shrimpton,NHM
Anura,Pipidae ,Xenopus ,victorianus ,1977.1443,46,51.37,NA,2.76,3.14,18.77,0.8,17.97,Samuel_Shrimpton,NHM
Anura,Pipidae ,Xenopus ,victorianus ,1977.1448,46,39.85,NA,2.62,2.61,11.42,0.8,10.62,Samuel_Shrimpton,NHM
Anura,Pipidae ,Xenopus ,victorianus ,1977.1452,46,36.32,NA,2.59,2.54,8.99,0.8,8.19,Samuel_Shrimpton,NHM
Anura,Pipidae ,Xenopus ,victorianus ,1977.1444,46,48.41,NA,2.8,2.72,17.07,0.8,16.27,Samuel_Shrimpton,NHM
Anura,Pipidae ,Xenopus ,victorianus ,1977.1445,46,48.32,NA,2.86,2.84,18.78,0.8,17.98,Samuel_Shrimpton,NHM
Anura,Pipidae ,Xenopus ,victorianus ,1977.1446,46,43.31,NA,2.68,2.93,13.69,0.8,12.89,Samuel_Shrimpton,NHM
Anura,Pipidae ,Xenopus ,victorianus ,1977.1441,46,52.1,NA,2.85,2.68,22.04,0.8,21.24,Samuel_Shrimpton,NHM
Anura,Pipidae ,Xenopus ,victorianus ,1977.1439,46,53.6,NA,2.88,2.8,19.82,0.8,19.02,Samuel_Shrimpton,NHM
Anura,Pipidae ,Xenopus ,victorianus ,1977.1453,46,34.84,NA,2.69,2.7,7.46,0.8,6.66,Samuel_Shrimpton,NHM
Anura,Pipidae ,Xenopus ,victorianus ,1977.143,46,54.29,NA,2.98,2.68,30.73,0.8,29.93,Samuel_Shrimpton,NHM
Anura,Pipidae ,Xenopus ,victorianus ,1977.1432,46,54.08,NA,2.54,2.56,24.28,0.8,23.48,Samuel_Shrimpton,NHM
Anura,Pipidae ,Xenopus ,victorianus ,1977.1438,46,52.85,NA,2.76,2.92,22.8,0.8,22,Samuel_Shrimpton,NHM
Anura,Pipidae ,Xenopus ,victorianus ,1977.1436,46,54.22,NA,2.92,2.7,20.42,0.8,19.62,Samuel_Shrimpton,NHM
Anura,Pipidae ,Xenopus ,victorianus ,1977.1429,46,56.83,NA,2.83,2.82,28.61,0.8,27.81,Samuel_Shrimpton,NHM
Anura,Pipidae ,Xenopus ,victorianus ,1977.1433,46,53.6,NA,2.73,3.23,24.72,0.8,23.92,Samuel_Shrimpton,NHM
Anura,Pipidae ,Xenopus ,victorianus ,1977.1437,46,50.78,NA,2.74,2.71,21.83,0.8,21.03,Samuel_Shrimpton,NHM
Anura,Pipidae ,Xenopus ,victorianus ,1977.1434,46,53.17,NA,2.72,2.45,21.23,0.8,20.43,Samuel_Shrimpton,NHM
Anura,Pipidae ,Xenopus ,victorianus ,1977.1435,46,54.1,NA,2.68,2.85,23.33,0.8,22.53,Samuel_Shrimpton,NHM
Anura,Pipidae ,Xenopus ,victorianus ,1977.1431,46,55.98,NA,2.54,2.56,24.32,0.8,23.52,Samuel_Shrimpton,NHM
Anura,Arthroleptidae,Trichobatrachus,robustus,1907.5.22.51,46,129.7,NA,12.7,13,227,NA,NA,Kate_Thomas,NHM
Anura,Arthroleptidae,Trichobatrachus,robustus,1969.486,46,70,NA,8.6,9.2,33,NA,NA,Kate_Thomas,NHM
Anura,Arthroleptidae,Trichobatrachus,robustus,1949.1.3.51,46,95,NA,11.3,12.6,97,NA,NA,Kate_Thomas,NHM
Anura,Arthroleptidae,Trichobatrachus,robustus,1936.3.4.97,46,49.8,NA,7.3,6.8,12,NA,NA,Kate_Thomas,NHM
Anura,Arthroleptidae,Trichobatrachus,robustus,1936.3.4.98,46,51.4,NA,7.2,7.3,10,NA,NA,Kate_Thomas,NHM
Anura,Arthroleptidae,Trichobatrachus,robustus,1982.745,46,63.4,NA,9.7,8.5,28,NA,NA,Kate_Thomas,NHM
Anura,Arthroleptidae,Trichobatrachus,robustus,1936.3.4.95,46,75.7,NA,9.4,9.1,34,NA,NA,Kate_Thomas,NHM
Anura,Arthroleptidae,Trichobatrachus,robustus,1936.3.4.96,46,72.8,NA,8.3,7.9,34,NA,NA,Kate_Thomas,NHM
Anura,Arthroleptidae,Trichobatrachus,robustus,1969.841,46,132.9,NA,14.7,14.2,219,NA,NA,Kate_Thomas,NHM
Anura,Arthroleptidae,Trichobatrachus,robustus,1906.5.28.23,NA,27.4,NA,3.9,3,3,NA,NA,Kate_Thomas,NHM
Anura,Arthroleptidae,Trichobatrachus,robustus,1906.5.28.23,46,98,NA,10.8,11.1,42,NA,NA,Kate_Thomas,NHM
Anura,Arthroleptidae,Trichobatrachus,robustus,1969.484,46,69.2,NA,9.2,9.2,31,NA,NA,Kate_Thomas,NHM
Anura,Arthroleptidae,Trichobatrachus,robustus,1969.485,46,67.9,NA,9.5,9.5,31,NA,NA,Kate_Thomas,NHM
Anura,Arthroleptidae,Trichobatrachus,robustus,1969.482,46,72.6,NA,9.9,9.6,48,NA,NA,Kate_Thomas,NHM
Anura,Arthroleptidae,Trichobatrachus,robustus,1958.1.4.76,46,42.4,NA,5.2,5.4,6,NA,NA,Kate_Thomas,NHM
Anura,Arthroleptidae,Trichobatrachus,robustus,1958.1.4.77,46,135.2,NA,12.7,NA,300,NA,NA,Kate_Thomas,NHM
Anura,Arthroleptidae,Trichobatrachus,robustus,1958.1.4.78,46,97,NA,10.2,10.2,93,NA,NA,Kate_Thomas,NHM
Anura,Arthroleptidae,Trichobatrachus,robustus,1969.1592,46,131,NA,13.6,13.5,284,NA,NA,Kate_Thomas,NHM
Anura,Arthroleptidae,Trichobatrachus,robustus,1969.1593,46,54.4,NA,9.3,9.3,17,NA,NA,Kate_Thomas,NHM
Anura,Arthroleptidae,Trichobatrachus,robustus,1936.3.4.103,46,81.1,NA,10.9,10,41,NA,NA,Kate_Thomas,NHM
Anura,Arthroleptidae,Trichobatrachus,robustus,1936.3.4.104,46,124.4,NA,13.3,11.3,204,NA,NA,Kate_Thomas,NHM
Anura,Arthroleptidae,Trichobatrachus,robustus,1936.3.4.105,46,62.7,NA,9.4,9,26,NA,NA,Kate_Thomas,NHM
Anura,Arthroleptidae,Trichobatrachus,robustus,1936.3.4.107,46,91.6,NA,11,10.8,66,NA,NA,Kate_Thomas,NHM
Anura,Arthroleptidae,Trichobatrachus,robustus,1936.3.4.101,46,91.2,NA,NA,11.4,63,NA,NA,Kate_Thomas,NHM
Anura,Arthroleptidae,Trichobatrachus,robustus,1936.3.4.102,46,62.7,NA,8.5,8,20,NA,NA,Kate_Thomas,NHM
Anura,Arthroleptidae,Trichobatrachus,robustus,1969.483,46,90.3,NA,10.8,9.7,48,NA,NA,Kate_Thomas,NHM
Anura,Arthroleptidae,Trichobatrachus,robustus,1958.14.71,35,31.02,66.58,3.11,3.27,3.65,NA,NA,Samuel_Shrimpton,NHM
Anura,Arthroleptidae,Trichobatrachus,robustus,1958.14.73,42,35.49,86.54,4.03,3.86,8.01,NA,NA,Samuel_Shrimpton,NHM
Anura,Arthroleptidae,Trichobatrachus,robustus,1958.14.76,46,36.49,54.02,3.58,3.55,5.97,NA,NA,Samuel_Shrimpton,NHM
Anura,Arthroleptidae,Trichobatrachus,robustus,1958.14.75,44,32,NA,3.86,3.69,6.06,NA,NA,Samuel_Shrimpton,NHM
Anura,Arthroleptidae,Trichobatrachus,robustus,1958.14.72,42,33.9,76.84,3.82,NA,4.68,NA,NA,Samuel_Shrimpton,NHM
Anura,Arthroleptidae,Trichobatrachus,robustus,1958.14.77,42,31.31,79.44,3.43,3.4,6.1,NA,NA,Samuel_Shrimpton,NHM
Anura,Arthroleptidae,Trichobatrachus,robustus,1904.7.1.20,41,26.05,77.72,3.32,3.19,3.99,NA,NA,Samuel_Shrimpton,NHM
Anura,Arthroleptidae,Trichobatrachus,robustus,1904.7.1.19,43,25.2,36.92,2.67,2.88,2.74,NA,NA,Samuel_Shrimpton,NHM
Anura,Arthroleptidae,Trichobatrachus,robustus,1904.7.1.11,37,23.77,61.64,3.07,3.27,2.24,NA,NA,Samuel_Shrimpton,NHM
Anura,Arthroleptidae,Trichobatrachus,robustus,1904.7.1.12,42,26.89,74.85,3.26,3.59,3.71,NA,NA,Samuel_Shrimpton,NHM
Anura,Arthroleptidae,Trichobatrachus,robustus,1904.7.1.13,43,27.41,55.16,3,2.98,2.13,NA,NA,Samuel_Shrimpton,NHM
Anura,Arthroleptidae,Trichobatrachus,robustus,1980.1432,25,24.22,63.54,2.29,2.48,2.27,NA,NA,Samuel_Shrimpton,NHM
Anura,Hylidae ,Pseudis ,paradoxa ,1971.1632,25,11.5,23.82,1.31,1.19,0.18,NA,NA,Samuel_Shrimpton,NHM
Anura,Hylidae ,Pseudis ,paradoxa ,1971.1633,25,9.83,21.94,1.3,1.3,0.08,NA,NA,Samuel_Shrimpton,NHM
Anura,Hylidae ,Pseudis ,paradoxa ,56.5.14.5,38,NA,NA,6.05,5.6,72,NA,NA,Samuel_Shrimpton,NHM
Anura,Hylidae ,Pseudis ,paradoxa ,66.8.14.257,42,80.97,NA,5.62,4.85,89,NA,NA,Samuel_Shrimpton,NHM
Anura,Hylidae ,Pseudis ,paradoxa ,1987.2431,37,34.48,76.23,4.68,4.19,6.12,0.8,5.32,Samuel_Shrimpton,NHM
Anura,Hylidae ,Pseudis ,paradoxa ,94.3.14.107,46,44.15,NA,4.79,5.51,14.06,NA,NA,Samuel_Shrimpton,NHM
Anura,Hylidae ,Pseudis ,paradoxa ,94.3.14.108,46,49.21,NA,5.31,5,22.33,NA,NA,Samuel_Shrimpton,NHM
Anura,Hylidae ,Pseudis ,paradoxa ,94.3.14.109,46,72.16,NA,NA,5.12,14.35,NA,NA,Samuel_Shrimpton,NHM
Anura,Hylidae ,Pseudis ,paradoxa ,94.3.14.110,46,53.58,NA,5.24,5.52,23.38,NA,NA,Samuel_Shrimpton,NHM
Anura,Hylidae ,Pseudis ,paradoxa ,94.3.14.111,46,49.62,NA,4.98,5.07,20.94,NA,NA,Samuel_Shrimpton,NHM
Anura,Hylidae ,Pseudis ,paradoxa ,94.3.14.112,46,48.27,NA,NA,4.98,15.03,NA,NA,Samuel_Shrimpton,NHM
Anura,Hylidae ,Pseudis ,paradoxa ,94.3.14.114,46,33.39,NA,4.22,4.12,4.65,NA,NA,Samuel_Shrimpton,NHM
Anura,Hylidae ,Pseudis ,paradoxa ,1976.142,46,50.35,NA,5.05,5.63,18.11,0.8,17.31,Samuel_Shrimpton,NHM
Anura,Hylidae ,Pseudis ,paradoxa ,1976.143,46,50.54,NA,5.27,4.68,16.27,0.8,15.47,Samuel_Shrimpton,NHM
Anura,Hylidae ,Pseudis ,paradoxa ,1976.144,46,43.05,NA,4.77,4.53,12.36,0.8,11.56,Samuel_Shrimpton,NHM
Anura,Hylidae ,Pseudis ,paradoxa ,1976.145,46,41.66,NA,4.69,4.38,10.74,0.8,9.94,Samuel_Shrimpton,NHM
Anura,Hylidae ,Pseudis ,paradoxa ,1976.146,46,40.56,NA,4.49,4.48,8.37,0.8,7.57,Samuel_Shrimpton,NHM
Anura,Hylidae ,Pseudis ,paradoxa ,1976.147,46,48.91,NA,5.2,4.9,21.1,1.49,19.61,Samuel_Shrimpton,NHM
Anura,Hylidae ,Pseudis ,paradoxa ,1909.4.30.22,46,60.54,NA,5.08,4.87,38.54,NA,NA,Samuel_Shrimpton,NHM
Anura,Hylidae ,Pseudis ,paradoxa ,1909.4.30.23,46,53.12,NA,5.22,4.65,29.15,NA,NA,Samuel_Shrimpton,NHM
Anura,Hylidae ,Pseudis ,paradoxa ,1909.4.30.24,46,62.3,NA,NA,NA,40.62,NA,NA,Samuel_Shrimpton,NHM
Anura,Hylidae ,Pseudis ,paradoxa ,1927.8.1.43,46,53.03,NA,5.49,5.55,26.5,NA,NA,Samuel_Shrimpton,NHM
Anura,Hylidae ,Pseudis ,paradoxa ,1937.7.29.11,46,63.76,NA,NA,NA,NA,NA,NA,Samuel_Shrimpton,NHM
Anura,Hylidae ,Pseudis ,paradoxa ,1937.7.29.23,44,61.58,NA,4.69,NA,63,NA,NA,Samuel_Shrimpton,NHM
Anura,Hylidae ,Pseudis ,paradoxa ,1946.4.2.58 (239.A),46,62.02,NA,5.69,5.97,28,0.06,27.94,Samuel_Shrimpton,NHM
Anura,Hylidae ,Pseudis ,paradoxa ,1946.4.2.59 (240.A),46,67.63,NA,5.62,5.38,28.56,0.06,28.5,Samuel_Shrimpton,NHM
Anura,Hylidae ,Pseudis ,paradoxa ,1946.4.2.60 (258.A),46,60.05,NA,5.53,5.51,22.69,0.06,22.63,Samuel_Shrimpton,NHM
Anura,Hylidae ,Pseudis ,paradoxa ,1946.4.2.61 (237.A),46,61.84,NA,5.8,6.08,25.1,0.06,25.04,Samuel_Shrimpton,NHM
Anura,Hylidae ,Pseudis ,paradoxa ,1946.4.2.62 (223A),46,70.49,NA,5.59,NA,33.75,0.06,33.69,Samuel_Shrimpton,NHM
Anura,Hylidae ,Pseudis ,paradoxa ,1937.7.29.14,42,60.64,172,4.05,NA,34.97,NA,NA,Samuel_Shrimpton,NHM
Anura,Hylidae ,Pseudis ,paradoxa ,92.6.21.9,39,68.2,147.98,4.18,3.92,30.93,0.06,30.87,Samuel_Shrimpton,NHM
Anura,Hylidae ,Pseudis ,paradoxa ,94.3.14 (116),38,48.56,105.45,3.42,3.45,12,NA,NA,Samuel_Shrimpton,NHM
Anura,Hylidae ,Pseudis ,paradoxa ,94.3.14 (117),38,50.29,109.55,3.5,4.28,13.3,NA,NA,Samuel_Shrimpton,NHM
Anura,Hylidae ,Pseudis ,paradoxa ,94.3.14 (118),44,35.29,77.07,3.35,3.3,9.84,NA,NA,Samuel_Shrimpton,NHM
Anura,Hylidae ,Pseudis ,paradoxa ,1946.4.2.68,29,51.16,110.49,4.16,4.2,10.87,NA,NA,Samuel_Shrimpton,NHM
Anura,Hylidae ,Pseudis ,paradoxa ,1946.4.2.69,37,60.93,129.44,4.11,4.93,16.21,NA,NA,Samuel_Shrimpton,NHM
Anura,Hylidae ,Pseudis ,paradoxa ,1946.4.2.70,39,68.85,144.32,5.4,5.5,26.94,NA,NA,Samuel_Shrimpton,NHM
Anura,Hylidae ,Pseudis ,paradoxa ,1927.8.1.42,46,59.28,NA,5.66,5.91,31.09,NA,NA,Samuel_Shrimpton,NHM
Anura,Hylidae ,Pseudis ,paradoxa ,1978.1330 (1),25,19.85,54.85,2.3,2.2,0.87,NA,NA,Samuel_Shrimpton,NHM
Anura,Hylidae ,Pseudis ,paradoxa ,1978.1330 (2),25,19.89,52.51,2.52,2.41,0.77,NA,NA,Samuel_Shrimpton,NHM
Anura,Hylidae ,Pseudis ,paradoxa ,1978.1330 (3),24,NA,66.68,2.61,2.67,1.71,NA,NA,Samuel_Shrimpton,NHM
Anura,Hylidae ,Pseudis ,paradoxa ,1978.1330 (4),25,21.47,NA,2.45,2.25,0.96,NA,NA,Samuel_Shrimpton,NHM
Anura,Hylidae ,Pseudis ,paradoxa ,1978.1330 (5),25,NA,78.94,2.9,2.86,3.62,NA,NA,Samuel_Shrimpton,NHM
Anura,Hylidae ,Pseudis ,paradoxa ,1978.1330 (6),25,22.75,51.89,2.43,2.43,1.07,NA,NA,Samuel_Shrimpton,NHM
Anura,Hylidae ,Pseudis ,paradoxa ,1978.1330 (7),25,21.66,54.06,2.26,2.27,0.86,NA,NA,Samuel_Shrimpton,NHM
Anura,Hylidae ,Pseudis ,paradoxa ,1978.1330 (8),25,21.15,46.9,2.34,2.4,0.72,NA,NA,Samuel_Shrimpton,NHM
Anura,Hylidae ,Pseudis ,paradoxa ,1978.1330 (9),25,NA,41.95,2,2.01,0.68,NA,NA,Samuel_Shrimpton,NHM
Anura,Hylidae ,Pseudis ,paradoxa ,1978.1330 (10),25,21.17,47.92,2.41,2.49,0.82,NA,NA,Samuel_Shrimpton,NHM
Anura,Hylidae ,Pseudis ,paradoxa ,1978.1330 (11),25,19.25,46.44,2.29,2.58,0.89,NA,NA,Samuel_Shrimpton,NHM
Anura,Hylidae ,Pseudis ,paradoxa ,1978.1330 (12),25,19.28,45.78,2.28,2.16,0.65,NA,NA,Samuel_Shrimpton,NHM
Anura,Microhylidae,Microhyla ,rubra,1955.1.10.67,46,29.56,NA,2.19,2.39,3.17,NA,NA,Samuel_Shrimpton,NHM
Anura,Microhylidae,Microhyla ,rubra,95.12.30.50,46,26.32,NA,2.81,2.9,3.85,NA,NA,Samuel_Shrimpton,NHM
Anura,Microhylidae,Microhyla ,rubra,76.3.21.48,46,23.28,NA,2.82,2.89,1.2,NA,NA,Samuel_Shrimpton,NHM
Anura,Microhylidae,Microhyla ,rubra,1908.7.2.12.13 (1),46,20.15,NA,2.15,2.09,1.48,NA,NA,Samuel_Shrimpton,NHM
Anura,Microhylidae,Microhyla ,rubra,1908.7.2.12.13 (2),46,16.46,NA,2.01,1.85,0.9,NA,NA,Samuel_Shrimpton,NHM
Anura,Microhylidae,Microhyla ,rubra,1955.1.10.66,46,20.77,NA,2.14,2.15,0.96,NA,NA,Samuel_Shrimpton,NHM
Anura,Microhylidae,Microhyla ,rubra,1973.3007,46,21.68,NA,2.21,2.57,2.31,0.736666667,1.573333333,Samuel_Shrimpton,NHM
Anura,Microhylidae,Microhyla ,rubra,1973.3006,46,22.43,NA,2.37,2.25,2.23,0.736666667,1.493333333,Samuel_Shrimpton,NHM
Anura,Microhylidae,Microhyla ,rubra,72.4.17.233,46,16.93,NA,2.19,2.17,0.56,NA,NA,Samuel_Shrimpton,NHM
Anura,Microhylidae,Microhyla ,rubra,72.4.17.234,46,29.77,NA,2.77,3.23,2.57,NA,NA,Samuel_Shrimpton,NHM
Anura,Microhylidae,Microhyla ,rubra,1982.1287,46,23.9,NA,2.54,2.53,3,1.446666667,1.553333333,Samuel_Shrimpton,NHM
Anura,Microhylidae,Microhyla ,rubra,1982.1286,46,23.05,NA,2.7,2.44,3.17,1.446666667,1.723333333,Samuel_Shrimpton,NHM
Anura,Microhylidae,Microhyla ,rubra,1982.1288,46,24.2,NA,2.54,2.59,3.07,1.446666667,1.623333333,Samuel_Shrimpton,NHM
Anura,Microhylidae,Microhyla ,rubra,1982.1289,46,26.39,NA,2.83,2.83,3.63,1.446666667,2.183333333,Samuel_Shrimpton,NHM
Anura,Microhylidae,Microhyla ,rubra,46.11.21.60,46,25.57,NA,3.09,3.24,2.63,NA,NA,Samuel_Shrimpton,NHM
Anura,Microhylidae,Microhyla ,rubra,46.11.21.61,46,26.8,NA,3.18,3.14,2.93,NA,NA,Samuel_Shrimpton,NHM
Anura,Microhylidae,Microhyla ,rubra,46.11.21.62,46,24.86,NA,3.11,3.01,2.18,NA,NA,Samuel_Shrimpton,NHM
Anura,Microhylidae,Microhyla ,rubra,46.11.21.63,46,16.37,NA,2.34,2.2,0.75,NA,NA,Samuel_Shrimpton,NHM
Anura,Microhylidae,Microhyla ,rubra,46.11.21.64,46,12.19,NA,1.64,1.82,0.23,NA,NA,Samuel_Shrimpton,NHM
Anura,Microhylidae,Microhyla ,rubra,46.11.21.65,46,10.91,NA,1.49,1.65,0.19,NA,NA,Samuel_Shrimpton,NHM
Anura,Microhylidae,Microhyla ,rubra,46.11.21.66,46,10.8,NA,1.59,1.68,0.18,NA,NA,Samuel_Shrimpton,NHM
Anura,Microhylidae,Microhyla ,rubra,1872.1.26.32 (1),46,9.81,NA,1.3,1.36,0.13,NA,NA,Samuel_Shrimpton,NHM
Anura,Microhylidae,Microhyla ,rubra,1872.1.26.32 (2),46,9.95,NA,1.2,1.32,0.13,NA,NA,Samuel_Shrimpton,NHM
Anura,Microhylidae,Microhyla ,rubra,1872.1.26.32 (3),46,10.33,NA,1.32,1.31,0.15,NA,NA,Samuel_Shrimpton,NHM
Anura,Microhylidae,Microhyla ,rubra,1903.9.26.29,43,8.51,12.76,1.35,1.29,0.13,NA,NA,Samuel_Shrimpton,NHM
Anura,Microhylidae,Microhyla ,rubra,1903.9.26.30,46,10.44,NA,1.46,1.31,0.16,NA,NA,Samuel_Shrimpton,NHM
Anura,Microhylidae,Microhyla ,rubra,1903.9.26.31,38,8.77,25.05,1.3,1.28,0.13,NA,NA,Samuel_Shrimpton,NHM
Anura,Microhylidae,Microhyla ,rubra,1903.9.26.32,37,11.12,29.94,1.35,1.34,0.29,NA,NA,Samuel_Shrimpton,NHM
Anura,Microhylidae,Microhyla ,rubra,1903.9.26.33,39,8.67,34.25,1.41,1.47,0.32,NA,NA,Samuel_Shrimpton,NHM
Anura,Microhylidae,Microhyla ,rubra,1972.1894 (1),38,12.77,29.72,1,1.08,0.3,NA,NA,Samuel_Shrimpton,NHM
Anura,Microhylidae,Microhyla ,rubra,1972.1894 (2),38,12.29,27.72,0.98,0.94,0.27,NA,NA,Samuel_Shrimpton,NHM
Anura,Microhylidae,Microhyla ,rubra,1955.1.10.74,37,11.1,34.54,1.07,1.12,0.28,NA,NA,Samuel_Shrimpton,NHM
Anura,Microhylidae,Microhyla ,rubra,1955.1.10.75,37,11.26,34.03,1.18,1.05,0.28,NA,NA,Samuel_Shrimpton,NHM
Anura,Microhylidae,Microhyla ,rubra,1955.1.10.68,34,8.03,26.5,1.03,1.1,0.09,NA,NA,Samuel_Shrimpton,NHM
Anura,Microhylidae,Microhyla ,rubra,1955.1.10.69,34,NA,27.79,1.03,1.07,0.2,NA,NA,Samuel_Shrimpton,NHM
Anura,Microhylidae,Microhyla ,rubra,1955.1.10.70,34,9.03,27.65,1.01,1.03,0.15,NA,NA,Samuel_Shrimpton,NHM
Anura,Microhylidae,Microhyla ,rubra,1955.1.10.71,35,10.36,30.98,1.17,1.17,0.23,NA,NA,Samuel_Shrimpton,NHM
Anura,Microhylidae,Microhyla ,rubra,1955.1.10.72,35,9.89,31.5,1.15,1.14,0.22,NA,NA,Samuel_Shrimpton,NHM
Anura,Microhylidae,Microhyla ,rubra,1955.1.10.73,35,9.4,24.86,1.04,1.07,0.18,NA,NA,Samuel_Shrimpton,NHM
Anura,Microhylidae,Microhyla ,rubra,1955.1.10.61,28,4.23,13.66,0.72,0.77,<0.00,NA,NA,Samuel_Shrimpton,NHM
Anura,Microhylidae,Microhyla ,rubra,1955.1.10.62,26,5.35,NA,0.89,0.78,<0.00,NA,NA,Samuel_Shrimpton,NHM
Anura,Microhylidae,Microhyla ,rubra,1955.1.10.63,24,4.48,NA,0.73,0.84,<0.00,NA,NA,Samuel_Shrimpton,NHM
Anura,Microhylidae,Microhyla ,rubra,1955.1.10.64,27,5.41,NA,0.88,0.9,0.03,NA,NA,Samuel_Shrimpton,NHM
Anura,Microhylidae,Microhyla ,rubra,74.4.29.268,46,29.75,NA,2.9,3.07,4.31,NA,NA,Samuel_Shrimpton,NHM
Anura,Microhylidae,Microhyla ,rubra,87.2.26.24,46,19.69,NA,2.44,2.38,1.11,NA,NA,Samuel_Shrimpton,NHM
Anura,Hylidae ,Hyla,meridionalis,1913.8.30.10,46,41.58,NA,4.27,4.2,8.56,NA,NA,Samuel_Shrimpton,NHM
Anura,Hylidae ,Hyla,meridionalis,1947.1.3.96,46,39.91,NA,3.96,3.9,5.36,NA,NA,Samuel_Shrimpton,NHM
Anura,Hylidae ,Hyla,meridionalis,1984.11.20.114,46,32.91,NA,3.69,3.56,4.5,NA,NA,Samuel_Shrimpton,NHM
Anura,Hylidae ,Hyla,meridionalis,1984.11.20.115,46,39.79,NA,3.75,3.77,3.32,NA,NA,Samuel_Shrimpton,NHM
Anura,Hylidae ,Hyla,meridionalis,1984.11.20.116,46,32.6,NA,3.4,3.37,2.84,NA,NA,Samuel_Shrimpton,NHM
Anura,Hylidae ,Hyla,meridionalis,1920.1.20.3806 (1),46,29.48,NA,2.85,2.82,2.4,NA,NA,Samuel_Shrimpton,NHM
Anura,Hylidae ,Hyla,meridionalis,1920.1.20.3806 (2),46,24.9,NA,2.5,2.79,1.14,NA,NA,Samuel_Shrimpton,NHM
Anura,Hylidae ,Hyla,meridionalis,1920.1.20.3806 (3),46,41.66,NA,3.38,3.67,8.11,NA,NA,Samuel_Shrimpton,NHM
Anura,Hylidae ,Hyla,meridionalis,1920.1.20.3806 (4),46,28.48,NA,3.01,3.17,1.82,NA,NA,Samuel_Shrimpton,NHM
Anura,Hylidae ,Hyla,meridionalis,1920.1.20.3806 (5),46,31.14,NA,3.05,2.86,3.36,NA,NA,Samuel_Shrimpton,NHM
Anura,Hylidae ,Hyla,meridionalis,1920.1.20.3806 (6),46,41.89,NA,3.94,3.96,8.8,NA,NA,Samuel_Shrimpton,NHM
Anura,Hylidae ,Hyla,meridionalis,1920.1.20.3806 (7),46,35.08,NA,3.2,3.25,3.86,NA,NA,Samuel_Shrimpton,NHM
Anura,Hylidae ,Hyla,meridionalis,1920.1.20.3806 (8),46,41.9,NA,4.13,3.88,8.55,NA,NA,Samuel_Shrimpton,NHM
Anura,Hylidae ,Hyla,meridionalis,1920.1.20.3806 (9),46,25.94,NA,2.6,2.62,1.89,NA,NA,Samuel_Shrimpton,NHM
Anura,Hylidae ,Hyla,meridionalis,1920.1.20.3806 (10),46,35.62,NA,3.35,3.3,4.57,NA,NA,Samuel_Shrimpton,NHM
Anura,Hylidae ,Hyla,meridionalis,1920.1.20.3806 (11),46,32.4,NA,2.97,3.11,2.85,NA,NA,Samuel_Shrimpton,NHM
Anura,Hylidae ,Hyla,meridionalis,1920.1.20.3806 (12),46,33.07,NA,3.09,2.86,3.3,NA,NA,Samuel_Shrimpton,NHM
Anura,Hylidae ,Hyla,meridionalis,1920.1.20.3806 (13),46,42.78,NA,3.87,3.54,9.61,NA,NA,Samuel_Shrimpton,NHM
Anura,Hylidae ,Hyla,meridionalis,1920.1.20.3806 (14),46,28.07,NA,2.81,2.76,1.91,NA,NA,Samuel_Shrimpton,NHM
Anura,Hylidae ,Hyla,meridionalis,90.1.22 (4),46,15.84,NA,1.93,1.88,0.41,NA,NA,Samuel_Shrimpton,NHM
Anura,Hylidae ,Hyla,meridionalis,90.1.22 (5),35,12.02,28.39,1.67,1.66,0.29,NA,NA,Samuel_Shrimpton,NHM
Anura,Hylidae ,Hyla,meridionalis,90.1.22 (6),35,13.46,31.51,1.77,1.81,0.41,NA,NA,Samuel_Shrimpton,NHM
Anura,Hylidae ,Hyla,meridionalis,90.1.22 (7),37,14.14,NA,1.86,1.87,0.44,NA,NA,Samuel_Shrimpton,NHM
Anura,Hylidae ,Hyla,meridionalis,90.1.22 (8),37,14.89,30.86,1.85,1.86,0.46,NA,NA,Samuel_Shrimpton,NHM
Anura,Hylidae ,Hyla,meridionalis,90.1.22 (9),38,14.35,33.8,1.96,1.89,0.42,NA,NA,Samuel_Shrimpton,NHM
Anura,Hylidae ,Hyla,meridionalis,90.1.22 (10),35,11.76,29.18,1.56,1.55,0.25,NA,NA,Samuel_Shrimpton,NHM
Anura,Hylidae ,Hyla,meridionalis,90.1.22 (11),30,8.9,22.21,1.26,1.26,0.1,NA,NA,Samuel_Shrimpton,NHM
Anura,Hylidae ,Hyla,meridionalis,1928.12.20.176,42,17.13,40.93,1.68,2.04,0.65,NA,NA,Samuel_Shrimpton,NHM
Anura,Hylidae ,Hyla,meridionalis,1928.12.20.177,25,7.02,14.85,1.05,1.02,0.03,NA,NA,Samuel_Shrimpton,NHM
Anura,Hylidae ,Hyla,meridionalis,1928.12.20.178,27,9.58,20.92,1.21,1.32,0.08,NA,NA,Samuel_Shrimpton,NHM
Anura,Hylidae ,Hyla,meridionalis,1928.12.20.179,26,9.55,19.94,1.11,1.04,0.05,NA,NA,Samuel_Shrimpton,NHM
Anura,Hylidae ,Hyla,meridionalis,1928.12.20.180,27,7.41,19,1.1,1.24,0.05,NA,NA,Samuel_Shrimpton,NHM
Anura,Hylidae ,Hyla,meridionalis,1928.12.20.181,25,7.45,18.03,1.06,0.99,0.05,NA,NA,Samuel_Shrimpton,NHM
Anura,Hylidae ,Hyla,meridionalis,1928.12.20.182,42,15.43,36.07,1.95,2.1,0.42,NA,NA,Samuel_Shrimpton,NHM
Anura,Hylidae ,Hyla,meridionalis,1928.12.20.183,38,16.5,42.95,2.02,2.05,0.64,NA,NA,Samuel_Shrimpton,NHM
Anura,Hylidae ,Hyla,meridionalis,1928.12.20.184,28,9.79,19.59,1.27,1.46,0.09,NA,NA,Samuel_Shrimpton,NHM
Anura,Hylidae ,Hyla,meridionalis,1928.12.20.185,27,7.73,16.57,1.13,1.22,0.06,NA,NA,Samuel_Shrimpton,NHM
Anura,Hylidae ,Hyla,meridionalis,1928.12.20.186,28,9.21,20.29,1.05,1.08,0.06,NA,NA,Samuel_Shrimpton,NHM
Anura,Hylidae ,Hyla,meridionalis,1928.12.20.187,37,15.38,40.84,1.93,2.02,0.53,NA,NA,Samuel_Shrimpton,NHM
Anura,Hylidae ,Hyla,meridionalis,1928.12.20.188,25,7.43,13.26,1,1,0.04,NA,NA,Samuel_Shrimpton,NHM
Anura,Hylidae ,Hyla,meridionalis,1928.12.20.189,42,17.15,40.76,2.14,2.18,0.54,NA,NA,Samuel_Shrimpton,NHM
Anura,Hylidae ,Hyla,meridionalis,1928.12.20.190,46,18.99,NA,2.06,1.88,0.47,NA,NA,Samuel_Shrimpton,NHM
Anura,Hylidae ,Hyla,meridionalis,1928.12.20.191,45,17.63,NA,1.62,1.75,0.46,NA,NA,Samuel_Shrimpton,NHM
Anura,Hylidae ,Hyla,meridionalis,1928.12.20.192,43,18.56,NA,1.93,1.96,0.44,NA,NA,Samuel_Shrimpton,NHM
Anura,Hylidae ,Hyla,meridionalis,1928.12.20.193,26,8.13,17.4,1.14,1.1,0.05,NA,NA,Samuel_Shrimpton,NHM
Anura,Hylidae ,Hyla,meridionalis,1928.12.20.194,25,6.85,16.96,0.97,0.95,0.03,NA,NA,Samuel_Shrimpton,NHM
Anura,Hylidae ,Hyla,meridionalis,1920.1.20.1943 (1),46,45.34,NA,4.2,4.41,7.88,NA,NA,Samuel_Shrimpton,NHM
Anura,Hylidae ,Hyla,meridionalis,1920.1.20.1943 (2),46,37.65,NA,3.65,3.76,4.43,NA,NA,Samuel_Shrimpton,NHM
Anura,Hylidae ,Hyla,meridionalis,1920.1.20.1943 (3),46,43.85,NA,4.12,4.24,6.71,NA,NA,Samuel_Shrimpton,NHM
Anura,Hylidae ,Hyla,meridionalis,1920.1.20.1943 (4),46,39.43,NA,3.55,3.67,7.9,NA,NA,Samuel_Shrimpton,NHM
Anura,Rhacophoridae,Polypedates,leucomystax,96.6.25.140,37,15.8,41.9,2.04,2.03,0.69,NA,NA,Samuel_Shrimpton,NHM
Anura,Rhacophoridae,Polypedates,leucomystax,96.6.25.141,37,15.68,42.85,2.36,2.11,0.72,NA,NA,Samuel_Shrimpton,NHM
Anura,Rhacophoridae,Polypedates,leucomystax,96.6.25.142,38,15.66,41.81,1.89,1.98,0.66,NA,NA,Samuel_Shrimpton,NHM
Anura,Rhacophoridae,Polypedates,leucomystax,96.6.25.143,37,15.69,41.2,1.84,1.89,0.55,NA,NA,Samuel_Shrimpton,NHM
Anura,Rhacophoridae,Polypedates,leucomystax,96.6.25.144,38,16.83,44.34,2.17,2.1,0.76,NA,NA,Samuel_Shrimpton,NHM
Anura,Rhacophoridae,Polypedates,leucomystax,96.6.25.130,41,16.04,44.97,2.36,2.33,0.6,NA,NA,Samuel_Shrimpton,NHM
Anura,Rhacophoridae,Polypedates,leucomystax,96.6.25.131,36,13.92,35.01,2.09,2.09,0.44,NA,NA,Samuel_Shrimpton,NHM
Anura,Rhacophoridae,Polypedates,leucomystax,96.6.25.132,42,16.14,39.84,2.25,2.37,0.58,NA,NA,Samuel_Shrimpton,NHM
Anura,Rhacophoridae,Polypedates,leucomystax,96.6.25.133,40,15.35,41.49,2.09,2.27,0.52,NA,NA,Samuel_Shrimpton,NHM
Anura,Rhacophoridae,Polypedates,leucomystax,96.6.25.134,40,15.57,42.88,1.91,2.14,0.68,NA,NA,Samuel_Shrimpton,NHM
Anura,Rhacophoridae,Polypedates,leucomystax,96.6.25.135,31,9.31,26.83,1.54,1.49,0.15,NA,NA,Samuel_Shrimpton,NHM
Anura,Rhacophoridae,Polypedates,leucomystax,96.6.25.136,41,15.32,40.7,2.09,2.19,0.44,NA,NA,Samuel_Shrimpton,NHM
Anura,Rhacophoridae,Polypedates,leucomystax,96.6.25.137,43,17.05,41.92,2.5,2.25,0.59,NA,NA,Samuel_Shrimpton,NHM
Anura,Rhacophoridae,Polypedates,leucomystax,96.6.25.120,45,18.48,NA,2.51,2.45,0.64,NA,NA,Samuel_Shrimpton,NHM
Anura,Rhacophoridae,Polypedates,leucomystax,96.6.25.121,45,17.08,NA,2.26,2.52,0.5,NA,NA,Samuel_Shrimpton,NHM
Anura,Rhacophoridae,Polypedates,leucomystax,96.6.25.122,43,14.79,NA,2.05,1.94,0.28,NA,NA,Samuel_Shrimpton,NHM
Anura,Rhacophoridae,Polypedates,leucomystax,96.6.22.123,35,15.03,40.07,1.9,1.77,0.53,NA,NA,Samuel_Shrimpton,NHM
Anura,Rhacophoridae,Polypedates,leucomystax,96.6.22.124,35,14.38,NA,1.6,1.67,0.34,NA,NA,Samuel_Shrimpton,NHM
Anura,Rhacophoridae,Polypedates,leucomystax,1974.3694,46,41.35,NA,5.41,5.35,5.2,12+13,NA,Samuel_Shrimpton,NHM
Anura,Rhacophoridae,Polypedates,leucomystax,1974.369,46,65.8,NA,8.09,7.82,16.32,12+13,NA,Samuel_Shrimpton,NHM
Anura,Rhacophoridae,Polypedates,leucomystax,1974.3692,46,38.56,NA,5.02,4.19,4.62,12+13,NA,Samuel_Shrimpton,NHM
Anura,Rhacophoridae,Polypedates,leucomystax,1974.3688,46,45.85,NA,5.87,6.15,7.23,12+13,NA,Samuel_Shrimpton,NHM
Anura,Rhacophoridae,Polypedates,leucomystax,1974.3693,46,47.57,NA,6.36,6.23,6.74,12+13,NA,Samuel_Shrimpton,NHM
Anura,Rhacophoridae,Polypedates,leucomystax,1974.3689,46,43.62,NA,5.93,5.7,5.9,12+13,NA,Samuel_Shrimpton,NHM
Anura,Rhacophoridae,Polypedates,leucomystax,1973.1348,46,38.46,NA,4.61,4.6,4.71,13+14,NA,Samuel_Shrimpton,NHM
Anura,Rhacophoridae,Polypedates,leucomystax,1973.1347,46,42.51,NA,4.8,4.84,5.24,13+14,NA,Samuel_Shrimpton,NHM
Anura,Rhacophoridae,Polypedates,leucomystax,1973.1344,46,40.42,NA,5.65,5.87,5.35,13+14,NA,Samuel_Shrimpton,NHM
Anura,Rhacophoridae,Polypedates,leucomystax,1973.1346,46,58.53,NA,6.06,6.2,20.05,13+14,NA,Samuel_Shrimpton,NHM
Anura,Rhacophoridae,Polypedates,leucomystax,1973.1345,46,63.86,NA,6.43,6.68,25.69,13+14,NA,Samuel_Shrimpton,NHM
Anura,Rhacophoridae,Polypedates,leucomystax,1974.4825,46,65.79,NA,6.88,6.8,19.92,5+13,NA,Samuel_Shrimpton,NHM
Anura,Rhacophoridae,Polypedates,leucomystax,1974.4826,46,46.48,NA,5.92,5.94,7.97,5+13,NA,Samuel_Shrimpton,NHM
Anura,Rhacophoridae,Polypedates,leucomystax,1974.4832,46,46.32,NA,5.09,5.35,7.97,5+13,NA,Samuel_Shrimpton,NHM
Anura,Rhacophoridae,Polypedates,leucomystax,1974.4827,46,43.63,NA,4.97,5.14,7.75,5+13,NA,Samuel_Shrimpton,NHM
Anura,Rhacophoridae,Polypedates,leucomystax,1974.4829,46,42.05,NA,4.89,4.89,6.99, ,NA,Samuel_Shrimpton,NHM
Anura,Rhacophoridae,Polypedates,leucomystax,1967.2591,46,64.91,NA,6.86,7.05,20.87,0.96,19.91,Samuel_Shrimpton,NHM
Anura,Rhacophoridae,Polypedates,leucomystax,1967.261,46,60.21,NA,6.13,6.14,17.72,0.96,16.76,Samuel_Shrimpton,NHM
Anura,Rhacophoridae,Polypedates,leucomystax,1967.2595,46,64.27,NA,7.29,7.18,19,0.96,18.04,Samuel_Shrimpton,NHM
Anura,Rhacophoridae,Polypedates,leucomystax,1967.2609,46,64.65,NA,6.56,6.55,16.26,0.96,15.3,Samuel_Shrimpton,NHM
Anura,Rhacophoridae,Polypedates,leucomystax,1967.259,46,65.84,NA,6.35,6.67,22.73,5+8,NA,Samuel_Shrimpton,NHM
Anura,Rhacophoridae,Polypedates,leucomystax,96.2.29.149,26,10.06,25.37,1.62,1.65,0.2,NA,NA,Samuel_Shrimpton,NHM
Anura,Rhacophoridae,Polypedates,leucomystax,96.2.29.150,32,13.7,35.18,1.96,2.14,0.54,NA,NA,Samuel_Shrimpton,NHM
Anura,Rhacophoridae,Polypedates,leucomystax,96.2.29.151,27,10.2,24.63,1.43,1.48,0.21,NA,NA,Samuel_Shrimpton,NHM
Anura,Rhacophoridae,Polypedates,leucomystax,96.2.29.152,25,9.2,23.54,1.53,1.49,0.13,NA,NA,Samuel_Shrimpton,NHM
Anura,Rhacophoridae,Polypedates,leucomystax,96.2.29.153,27,12.94,33.41,1.94,1.94,0.39,NA,NA,Samuel_Shrimpton,NHM
Anura,Rhacophoridae,Polypedates,leucomystax,96.2.29.154,25,7.71,18.21,1.09,1.21,0.09,NA,NA,Samuel_Shrimpton,NHM
Anura,Rhacophoridae,Polypedates,leucomystax,1974.4834 (1),25,7.06,18.54,1.09,1.21,0.06,NA,NA,Samuel_Shrimpton,NHM
Anura,Rhacophoridae,Polypedates,leucomystax,1974.4834 (2),25,7.21,18.68,0.5,0.53,0.06,NA,NA,Samuel_Shrimpton,NHM
Anura,Rhacophoridae,Polypedates,leucomystax,1974.4834 (3),25,7.02,18.6,0.53,0.53,0.06,NA,NA,Samuel_Shrimpton,NHM
Anura,Rhacophoridae,Polypedates,leucomystax,1974.4834 (4),25,6.92,17.74,0.51,0.62,0.06,NA,NA,Samuel_Shrimpton,NHM
Anura,Rhacophoridae,Polypedates,leucomystax,1974.4834 (5),25,6.47,17.43,0.57,0.58,0.04,NA,NA,Samuel_Shrimpton,NHM
Anura,Rhacophoridae,Polypedates,leucomystax,1974.4834 (6),25,6.93,17.59,0.56,0.54,0.04,NA,NA,Samuel_Shrimpton,NHM
Anura,Rhacophoridae,Polypedates,leucomystax,1974.4834 (7),25,6.44,18.14,0.53,0.49,0.03,NA,NA,Samuel_Shrimpton,NHM
Anura,Microhylidae,Kaloula,pulchra,1959.15.40,46,54.13,NA,4.57,4.73,22.14,0.24,21.9,Samuel_Shrimpton,NHM
Anura,Microhylidae,Kaloula,pulchra,1959.15.41,46,52.3,NA,4.62,3.67,21.12,0.24,20.88,Samuel_Shrimpton,NHM
Anura,Microhylidae,Kaloula,pulchra,98.11.8.73,46,31.53,NA,3.59,3.43,5.64,4+14,NA,Samuel_Shrimpton,NHM
Anura,Microhylidae,Kaloula,pulchra,98.11.8.74,46,25.42,NA,2.75,2.99,2.4,0.24,2.16,Samuel_Shrimpton,NHM
Anura,Microhylidae,Kaloula,pulchra,98.11.8.75,46,22.18,NA,2.84,2.82,2.08,0.24,1.84,Samuel_Shrimpton,NHM
Anura,Microhylidae,Kaloula,pulchra,98.11.8.76A,46,21.17,NA,2.65,2.74,1.46,0.24,1.22,Samuel_Shrimpton,NHM
Anura,Microhylidae,Kaloula,pulchra,98.11.8.76B,46,13.31,NA,1.82,1.91,0.58,0.24,0.34,Samuel_Shrimpton,NHM
Anura,Microhylidae,Kaloula,pulchra,1973.896,46,32.28,NA,3.49,3.26,5.47,0.736666667,4.733333333,Samuel_Shrimpton,NHM
Anura,Microhylidae,Kaloula,pulchra,1973.894,46,48.1,NA,4.26,4.34,17.5,1+15,NA,Samuel_Shrimpton,NHM
Anura,Microhylidae,Kaloula,pulchra,1974.3228,46,61.34,NA,4.41,5.02,28.47,1+15+9,NA,Samuel_Shrimpton,NHM
Anura,Microhylidae,Kaloula,pulchra,1974.3232,46,54.18,NA,5.42,4.93,23.04,1+9,NA,Samuel_Shrimpton,NHM
Anura,Microhylidae,Kaloula,pulchra,1973.895,46,64.21,NA,5.98,5.54,33.61,1+15+16,NA,Samuel_Shrimpton,NHM
Anura,Microhylidae,Kaloula,pulchra,98.11.8.71,46,52.86,NA,5.43,5.54,20.44,4+16,NA,Samuel_Shrimpton,NHM
Anura,Microhylidae,Kaloula,pulchra,98.11.8.72,46,24.6,NA,3.28,3.25,2.39,4+16,NA,Samuel_Shrimpton,NHM
Anura,Microhylidae,Kaloula,pulchra,1973.891,46,66.88,NA,5.45,5.5,53.51,1+15,NA,Samuel_Shrimpton,NHM
Anura,Microhylidae,Kaloula,pulchra,1973.89,46,69.42,NA,6.18,5.59,46.7,1+15,NA,Samuel_Shrimpton,NHM
Anura,Microhylidae,Kaloula,pulchra,1973.892,46,68.59,NA,5.73,6.05,62,1+15,NA,Samuel_Shrimpton,NHM
Anura,Microhylidae,Kaloula,pulchra,1973.893,46,55.92,NA,5.07,5.25,20.15,1+15,NA,Samuel_Shrimpton,NHM
Anura,Microhylidae,Kaloula,pulchra,1928.12.13.131,40,13.81,39.4,1.6,1.5,0.41,NA,NA,Samuel_Shrimpton,NHM
Anura,Microhylidae,Kaloula,pulchra,1928.12.13.132,39,14.11,37.07,1.62,1.66,0.39,NA,NA,Samuel_Shrimpton,NHM
Anura,Microhylidae,Kaloula,pulchra,1928.12.13.133,38,13.47,NA,1.44,1.28,0.38,NA,NA,Samuel_Shrimpton,NHM
Anura,Microhylidae,Kaloula,pulchra,1928.12.13.134,40,14.13,33.33,1.58,1.62,0.41,NA,NA,Samuel_Shrimpton,NHM
Anura,Microhylidae,Kaloula,pulchra,1928.12.13.135,39,11.3,24.86,1.16,1.15,0.16,NA,NA,Samuel_Shrimpton,NHM
Anura,Microhylidae,Kaloula,pulchra,1928.12.13.136,40,14.49,39.48,1.64,1.66,0.51,NA,NA,Samuel_Shrimpton,NHM
Anura,Microhylidae,Kaloula,pulchra,1928.12.13.137,40,12.96,31.14,1.37,1.44,0.34,NA,NA,Samuel_Shrimpton,NHM
Anura,Microhylidae,Kaloula,pulchra,1928.12.13.138,42,13.39,31.79,1.85,1.79,0.4,NA,NA,Samuel_Shrimpton,NHM
Anura,Microhylidae,Kaloula,pulchra,1928.12.13.139,39,12.02,29.87,1.23,1.25,0.2,NA,NA,Samuel_Shrimpton,NHM
Anura,Microhylidae,Kaloula,pulchra,1928.12.13.140,39,11.27,26.85,1.2,1.31,0.2,NA,NA,Samuel_Shrimpton,NHM
Anura,Microhylidae,Kaloula,pulchra,1928.12.13.141,45,8.61,NA,1.38,1.36,0.11,NA,NA,Samuel_Shrimpton,NHM
Anura,Microhylidae,Kaloula,pulchra,1928.12.13.142,45,9.26,NA,1.22,1.27,0.09,NA,NA,Samuel_Shrimpton,NHM
Anura,Microhylidae,Kaloula,pulchra,1928.12.13.143,42,10.49,24.61,1.23,1.25,0.18,NA,NA,Samuel_Shrimpton,NHM
Anura,Microhylidae,Kaloula,pulchra,1859.7.1.30 (1),46,60.43,NA,5.56,5.6,41.79,0.24,41.55,Samuel_Shrimpton,NHM
Anura,Microhylidae,Kaloula,pulchra,1859.7.1.30 (2),46,51.16,NA,4.41,4.63,13.03,0.24,12.79,Samuel_Shrimpton,NHM
Anura,Microhylidae,Kaloula,pulchra,93.9.6.1,46,15.84,NA,2.07,2.17,0.8,0.24,0.56,Samuel_Shrimpton,NHM
Anura,Microhylidae,Kaloula,pulchra,1974.3235 (1),42,9.94,20.98,1.19,1.17,0.16,NA,NA,Samuel_Shrimpton,NHM
Anura,Microhylidae,Kaloula,pulchra,1974.3235 (2),42,9.54,22.83,1.13,1.19,0.16,NA,NA,Samuel_Shrimpton,NHM
Anura,Microhylidae,Kaloula,pulchra,1974.3235 (3),42,10.23,25.96,1.16,1.26,0.19,NA,NA,Samuel_Shrimpton,NHM
Anura,Microhylidae,Kaloula,pulchra,1896.6.25.90,46,62.85,NA,5.23,5.41,34.48,0.24,34.24,Samuel_Shrimpton,NHM
Anura,Microhylidae,Kaloula,pulchra,1896.6.25.91,46,68.17,NA,6.6,6.24,37.49,0.24,37.25,Samuel_Shrimpton,NHM
Anura,Arthroleptidae,Trichobatrachus,robustus,82033,36,30.27,NA,4.06,4.24,3.33,NA,NA,Samuel_Shrimpton,MFN
Anura,Arthroleptidae,Trichobatrachus,robustus,82042,25,20.13,55.2,2.76,2.78,0.96,NA,NA,Samuel_Shrimpton,MFN
Anura,Arthroleptidae,Trichobatrachus,robustus,MH0438,25,14.23,37.17,2.1,2.62,0.3,NA,NA,Samuel_Shrimpton,MFN
Anura,Arthroleptidae,Trichobatrachus,robustus,82039 (1),25,21.47,55.33,2.71,2.74,1.07,NA,NA,Samuel_Shrimpton,MFN
Anura,Arthroleptidae,Trichobatrachus,robustus,82039 (2),25,14.63,40.56,2.05,2.07,0.35,NA,NA,Samuel_Shrimpton,MFN
Anura,Arthroleptidae,Trichobatrachus,robustus,82039 (3),25,10.69,28.85,1.62,1.61,0.13,NA,NA,Samuel_Shrimpton,MFN
Anura,Arthroleptidae,Trichobatrachus,robustus,82039 (4),25,9.88,26.23,1.32,1.43,0.11,NA,NA,Samuel_Shrimpton,MFN
Anura,Arthroleptidae,Trichobatrachus,robustus,82039 (5),25,10.81,27.33,1.6,1.67,0.14,NA,NA,Samuel_Shrimpton,MFN
Anura,Arthroleptidae,Trichobatrachus,robustus,82039 (6),25,9.2,24.94,1.32,1.46,0.08,NA,NA,Samuel_Shrimpton,MFN
Anura,Arthroleptidae,Trichobatrachus,robustus,82050 (1),25,13.64,33.22,1.96,2.12,0.2,NA,NA,Samuel_Shrimpton,MFN
Anura,Arthroleptidae,Trichobatrachus,robustus,82050 (2),25,13.47,32.2,1.91,1.9,0.23,NA,NA,Samuel_Shrimpton,MFN
Anura,Arthroleptidae,Trichobatrachus,robustus,82047 (1),39,25.75,62.29,3.64,3.69,1.86,NA,NA,Samuel_Shrimpton,MFN
Anura,Arthroleptidae,Trichobatrachus,robustus,82047 (2),25,24.24,59.17,3.25,3.17,1.2,NA,NA,Samuel_Shrimpton,MFN
Anura,Arthroleptidae,Trichobatrachus,robustus,82047 (3),25,14.62,34.79,2.17,2.08,0.28,NA,NA,Samuel_Shrimpton,MFN
Anura,Arthroleptidae,Trichobatrachus,robustus,82043 (1),36,29.19,75.23,3.93,4.12,2.62,NA,NA,Samuel_Shrimpton,MFN
Anura,Arthroleptidae,Trichobatrachus,robustus,82043 (2),35,26.27,59.36,3.15,2.97,1.79,NA,NA,Samuel_Shrimpton,MFN
Anura,Arthroleptidae,Trichobatrachus,robustus,82034,34,27.59,65.08,3.46,3.48,1.84,NA,NA,Samuel_Shrimpton,MFN
Anura,Bufonidae,Bufo ,bufo,34.421-34501 (1),44,9.6,14.36,1.83,1.82,0.11,NA,NA,Samuel_Shrimpton,MFN
Anura,Bufonidae,Bufo ,bufo,34.421-34501 (2),44,9.52,NA,1.51,1.53,0.09,NA,NA,Samuel_Shrimpton,MFN
Anura,Bufonidae,Bufo ,bufo,34.421-34501 (3),45,10.38,NA,1.56,1.61,0.11,NA,NA,Samuel_Shrimpton,MFN
Anura,Bufonidae,Bufo ,bufo,34.421-34501 (4),45,9.39,NA,1.61,1.58,0.12,NA,NA,Samuel_Shrimpton,MFN
Anura,Bufonidae,Bufo ,bufo,34.421-34501 (5),45,9.92,NA,1.63,1.57,0.09,NA,NA,Samuel_Shrimpton,MFN
Anura,Bufonidae,Bufo ,bufo,34.421-34501 (6),43,8.84,15.25,1.43,1.5,0.1,NA,NA,Samuel_Shrimpton,MFN
Anura,Rhacophoridae,Polypedates,leucomystax,33.809 (1),27,10.44,26.33,NA,1.16,0.26,NA,NA,Samuel_Shrimpton,MFN
Anura,Rhacophoridae,Polypedates,leucomystax,33.809 (2),28,10.38,24.96,1.09,1.04,0.22,NA,NA,Samuel_Shrimpton,MFN
Anura,Rhacophoridae,Polypedates,leucomystax,33.809 (3),27,9.34,24.14,1.15,1,0.16,NA,NA,Samuel_Shrimpton,MFN
Anura,Rhacophoridae,Polypedates,leucomystax,33.809 (4),28,10.41,24.92,1.37,1.13,0.22,NA,NA,Samuel_Shrimpton,MFN
Anura,Rhacophoridae,Polypedates,leucomystax,33.809 (5),27,9.18,19.3,1.14,1.09,0.15,NA,NA,Samuel_Shrimpton,MFN
Anura,Rhacophoridae,Polypedates,leucomystax,33.809 (6),27,9.52,24.66,1.12,1.09,0.15,NA,NA,Samuel_Shrimpton,MFN
Anura,Rhacophoridae,Polypedates,leucomystax,33.809 (7),27,9.57,24.23,1.08,1.07,0.16,NA,NA,Samuel_Shrimpton,MFN
Anura,Rhacophoridae,Polypedates,leucomystax,64507,35,14.67,37.18,2.07,1.93,0.47,NA,NA,Samuel_Shrimpton,MFN
Anura,Hemisotidae,Hemisus ,marmoratus,11.5 (2),35,16.9,42.22,1.6,1.61,0.74,NA,NA,Samuel_Shrimpton,MFN
Anura,Hemisotidae,Hemisus ,marmoratus,7.5.153.1 ,34,15.87,38.48,1.6,1.62,0.51,NA,NA,Samuel_Shrimpton,MFN
Anura,Hemisotidae,Hemisus ,marmoratus,7.5 (1),35,18.45,NA,1.52,1.47,0.94,NA,NA,Samuel_Shrimpton,MFN
Anura,Hemisotidae,Hemisus ,marmoratus,7.5 (2),35,18.74,48.02,1.85,1.76,1.08,NA,NA,Samuel_Shrimpton,MFN
Anura,Hemisotidae,Hemisus ,marmoratus,7.5 (3),35,18.05,40.13,1.65,1.62,0.99,NA,NA,Samuel_Shrimpton,MFN
Anura,Hemisotidae,Hemisus ,marmoratus,20.6.153,35,19.63,38.51,1.58,1.53,0.91,NA,NA,Samuel_Shrimpton,MFN
Anura,Hemisotidae,Hemisus ,marmoratus,23.6.93,42,16.41,41.28,1.94,1.93,0.93,NA,NA,Samuel_Shrimpton,MFN
Anura,Hemisotidae,Hemisus ,marmoratus,11.8.152 (1),25,14.02,34.1,1.24,1.34,0.38,NA,NA,Samuel_Shrimpton,MFN
Anura,Hemisotidae,Hemisus ,marmoratus,11.8.152 (2),25,13.99,NA,1.21,1.14,0.35,NA,NA,Samuel_Shrimpton,MFN
Anura,Hemisotidae,Hemisus ,marmoratus,79847,43,18.68,30.7,1.83,1.72,1.45,0.513333,0.936667,Samuel_Shrimpton,MFN
Anura,Hemisotidae,Hemisus ,marmoratus,80193,43,18.26,35.02,2.18,2.26,1.6,0.513333,1.086667,Samuel_Shrimpton,MFN
Anura,Hemisotidae,Hemisus ,marmoratus,NA-Pond_Sample-1,25,11.06,28.33,1.1,1.38,0.18,NA,NA,Samuel_Shrimpton,MFN
Anura,Hemisotidae,Hemisus ,marmoratus,NA-Pond_Sample-2,25,10.98,28.42,0.99,1.05,0.21,NA,NA,Samuel_Shrimpton,MFN
Anura,Hemisotidae,Hemisus ,marmoratus,NA-Pond_Sample-3,25,13.37,33.72,1.19,1.39,0.39,NA,NA,Samuel_Shrimpton,MFN
Anura,Hemisotidae,Hemisus ,marmoratus,NA-Pond_Sample-4,25,13.1,36.17,1.33,1.33,0.51,NA,NA,Samuel_Shrimpton,MFN
Anura,Hemisotidae,Hemisus ,marmoratus,NA-Pond_Sample-5,25,16.86,40.8,1.48,1.54,0.65,NA,NA,Samuel_Shrimpton,MFN
Anura,Hemisotidae,Hemisus ,marmoratus,NA-Pond_Sample-6,25,12.79,35.11,1.33,1.49,0.36,NA,NA,Samuel_Shrimpton,MFN
Anura,Hemisotidae,Hemisus ,marmoratus,NA-Pond_Sample-7,25,13.96,33.93,1.39,1.42,0.32,NA,NA,Samuel_Shrimpton,MFN
Anura,Hemisotidae,Hemisus ,marmoratus,NA-Pond_Sample-8,25,14.61,30.45,1.35,1.41,0.44,NA,NA,Samuel_Shrimpton,MFN
Anura,Hemisotidae,Hemisus ,marmoratus,NA-Pond_Sample-9,25,14.43,34.36,1.2,1.46,0.47,NA,NA,Samuel_Shrimpton,MFN
Anura,Hemisotidae,Hemisus ,marmoratus,NA-Pond_Sample-10,25,14.26,31.57,1.3,1.32,0.41,NA,NA,Samuel_Shrimpton,MFN
Anura,Hemisotidae,Hemisus ,marmoratus,NA-Pond_Sample-11,25,14.35,34.32,1.33,1.34,0.46,NA,NA,Samuel_Shrimpton,MFN
Anura,Hemisotidae,Hemisus ,marmoratus,NA-Pond_Sample-12,25,14.93,37.86,1.59,1.49,0.51,NA,NA,Samuel_Shrimpton,MFN
Anura,Hemisotidae,Hemisus ,marmoratus,NA-Pond_Sample-13,25,16.93,44,1.85,1.77,0.76,NA,NA,Samuel_Shrimpton,MFN
Anura,Hemisotidae,Hemisus ,marmoratus,NA-Pond_Sample-14,25,12.33,33.47,1.19,1.17,0.23,NA,NA,Samuel_Shrimpton,MFN
Anura,Hemisotidae,Hemisus ,marmoratus,NA-Pond_Sample-15,25,10.79,24.51,1.09,NA,0.19,NA,NA,Samuel_Shrimpton,MFN
Anura,Pyxicephalidae,Aubria,subsigillata,88433,46,77.43,NA,8.19,7.44,26.78,0.513333,26.266667,Samuel_Shrimpton,MFN
Anura,Pyxicephalidae,Aubria,subsigillata,84720,46,19.87,NA,2.66,2.76,0.96,0.256666667,0.703333333,Samuel_Shrimpton,MFN
Anura,Pyxicephalidae,Aubria,subsigillata,84715,46,28.65,NA,3.1,3.15,2.43,0.256666667,2.173333333,Samuel_Shrimpton,MFN
Anura,Pyxicephalidae,Aubria,subsigillata,79260,46,78.47,NA,7.85,7.73,50.2,0.513333,49.686667,Samuel_Shrimpton,MFN
Anura,Pyxicephalidae,Aubria,subsigillata,84719,46,64.08,NA,6.93,7,28.49,0.583333,27.906667,Samuel_Shrimpton,MFN
Anura,Pyxicephalidae,Aubria,subsigillata,71279,46,77.61,NA,7.92,8.01,47.78,0.513333,47.266667,Samuel_Shrimpton,MFN
Anura,Pyxicephalidae,Aubria,subsigillata,84716,46,85.46,NA,8.12,8.56,45.85,0.513333,45.336667,Samuel_Shrimpton,MFN
Anura,Pyxicephalidae,Aubria,subsigillata,84717,46,66.67,NA,8.04,NA,35.38,0.513333,34.866667,Samuel_Shrimpton,MFN
Anura,Pyxicephalidae,Aubria,subsigillata,84718,46,73.74,NA,7.46,7.98,38.97,0.256666667,38.71333333,Samuel_Shrimpton,MFN
Anura,Pyxicephalidae,Aubria,subsigillata,30997,46,69.98,NA,6.84,7.19,26.29,0.256666667,26.03333333,Samuel_Shrimpton,MFN
Anura,Pyxicephalidae,Aubria,subsigillata,84725,46,16.58,NA,2.7,2.55,1.04,0.39,0.65,Samuel_Shrimpton,MFN
Anura,Pyxicephalidae,Aubria,subsigillata,84726,46,18.85,NA,2.37,2.7,1.01,0.39,0.62,Samuel_Shrimpton,MFN
Anura,Pyxicephalidae,Aubria,subsigillata,84724,46,27.69,NA,3.01,3.11,2.49,0.39,2.1,Samuel_Shrimpton,MFN
Anura,Pyxicephalidae,Aubria,subsigillata,71278,46,18.19,NA,2.28,2.54,1.42,0.513333,0.906667,Samuel_Shrimpton,MFN
Anura,Pyxicephalidae,Aubria,subsigillata,83453,45,19.51,NA,2.54,2.32,0.78,0.39,0.39,Samuel_Shrimpton,MFN
Anura,Bufonidae,Bufo ,bufo,30775 (1),46,23.84,NA,2.84,2.76,1.24,NA,NA,Samuel_Shrimpton,MFN
Anura,Bufonidae,Bufo ,bufo,30775 (2),46,25.6,NA,3.12,3.09,1.64,NA,NA,Samuel_Shrimpton,MFN
Anura,Bufonidae,Bufo ,bufo,30775 (3),46,27.96,NA,3.13,3.14,1.93,NA,NA,Samuel_Shrimpton,MFN
Anura,Bufonidae,Bufo ,bufo,30775 (4),46,26.91,NA,3.01,2.9,2.07,NA,NA,Samuel_Shrimpton,MFN
Anura,Bufonidae,Bufo ,bufo,30775 (5),46,28.68,NA,2.94,2.88,2.44,NA,NA,Samuel_Shrimpton,MFN
Anura,Bufonidae,Bufo ,bufo,30775 (6),46,31.74,NA,3.24,3.31,3.47,NA,NA,Samuel_Shrimpton,MFN
Anura,Bufonidae,Bufo ,bufo,30775 (7),46,48.6,NA,4.71,4.57,14.26,NA,NA,Samuel_Shrimpton,MFN
Anura,Bufonidae,Bufo ,bufo,30775 (8),46,55.29,NA,5.03,4.68,21.58,NA,NA,Samuel_Shrimpton,MFN
Anura,Bufonidae,Bufo ,bufo,30775 (9),46,57.53,NA,5,5.05,25.42,NA,NA,Samuel_Shrimpton,MFN
Anura,Bufonidae,Bufo ,bufo,87747,46,34.39,NA,3.66,3.3,5.38,0.256666667,5.123333333,Samuel_Shrimpton,MFN
Anura,Arthroleptidae,Leptopelis,spiritusnoctis,81106 (1),28,9.86,27.78,0.67,0.64,0.11,NA,NA,Samuel_Shrimpton,MFN
Anura,Arthroleptidae,Leptopelis,spiritusnoctis,81106 (2),31,11.29,33.16,0.91,0.82,0.2,NA,NA,Samuel_Shrimpton,MFN
Anura,Arthroleptidae,Leptopelis,spiritusnoctis,81106 (3),28,11.44,31.94,0.87,0.83,0.16,NA,NA,Samuel_Shrimpton,MFN
Anura,Arthroleptidae,Leptopelis,spiritusnoctis,81106 (4),26,8.1,21.87,0.55,0.57,0.06,NA,NA,Samuel_Shrimpton,MFN
Anura,Arthroleptidae,Leptopelis,spiritusnoctis,81106 (5),25,8.45,23.04,0.58,0.56,0.06,NA,NA,Samuel_Shrimpton,MFN
Anura,Arthroleptidae,Leptopelis,spiritusnoctis,81106 (6),26,7.11,19.38,0.52,0.51,0.04,NA,NA,Samuel_Shrimpton,MFN
Anura,Arthroleptidae,Leptopelis,spiritusnoctis,81106 (7),25,6.83,19.05,0.49,0.57,0.04,NA,NA,Samuel_Shrimpton,MFN
Anura,Arthroleptidae,Leptopelis,spiritusnoctis,81106 (8),25,7.54,20.56,0.5,0.48,0.06,NA,NA,Samuel_Shrimpton,MFN
Anura,Arthroleptidae,Leptopelis,spiritusnoctis,81106 (9),25,5.38,14.49,0.47,0.49,<0.00,NA,NA,Samuel_Shrimpton,MFN
Anura,Arthroleptidae,Leptopelis,spiritusnoctis,81106 (10),25,7.82,20.31,0.57,0.55,0.04,NA,NA,Samuel_Shrimpton,MFN
Anura,Arthroleptidae,Leptopelis,spiritusnoctis,81106 (11),25,5.47,14.24,0.45,0.42,<0.00,NA,NA,Samuel_Shrimpton,MFN
Anura,Arthroleptidae,Leptopelis,spiritusnoctis,79630 (1),30,12.17,34.01,0.99,1,0.12,NA,NA,Samuel_Shrimpton,MFN
Anura,Arthroleptidae,Leptopelis,spiritusnoctis,79630 (2),25,7.58,19.48,0.59,0.58,0.05,NA,NA,Samuel_Shrimpton,MFN
Anura,Arthroleptidae,Leptopelis,spiritusnoctis,79630 (3),35,15.96,43.22,1.33,1.2,0.28,NA,NA,Samuel_Shrimpton,MFN
Anura,Arthroleptidae,Leptopelis,spiritusnoctis,79630 (4),40,16.12,44.22,1.71,1.69,0.3,NA,NA,Samuel_Shrimpton,MFN
Anura,Arthroleptidae,Leptopelis,spiritusnoctis,79633 (1),34,12.85,36.69,1.14,1.09,0.17,NA,NA,Samuel_Shrimpton,MFN
Anura,Arthroleptidae,Leptopelis,spiritusnoctis,79633 (2),26,7.13,20.14,0.58,0.58,0.04,NA,NA,Samuel_Shrimpton,MFN
Anura,Arthroleptidae,Leptopelis,spiritusnoctis,79633 (3),28,8.98,25.6,0.58,0.75,0.04,NA,NA,Samuel_Shrimpton,MFN
Anura,Arthroleptidae,Leptopelis,spiritusnoctis,79633 (5),28,10,29.08,0.76,0.83,0.09,NA,NA,Samuel_Shrimpton,MFN
Anura,Arthroleptidae,Leptopelis,spiritusnoctis,79633 (6),27,8.09,NA,0.78,0.82,0.08,NA,NA,Samuel_Shrimpton,MFN
Anura,Arthroleptidae,Leptopelis,spiritusnoctis,79633 (7),29,10.95,31.13,0.9,0.88,0.19,NA,NA,Samuel_Shrimpton,MFN
Anura,Arthroleptidae,Leptopelis,spiritusnoctis,79635,27,7.11,NA,0.63,0.62,0.03,NA,NA,Samuel_Shrimpton,MFN
Anura,Arthroleptidae,Leptopelis,spiritusnoctis,79631,40,15.31,NA,1.86,NA,0.39,NA,NA,Samuel_Shrimpton,MFN
Anura,Arthroleptidae,Leptopelis,spiritusnoctis,88964,46,31.24,NA,3.91,4.22,2.58,0.513333,2.066667,Samuel_Shrimpton,MFN
Anura,Arthroleptidae,Leptopelis,spiritusnoctis,88965,46,41.77,NA,4.91,4.65,5.36,0.513333,4.846667,Samuel_Shrimpton,MFN
Anura,Arthroleptidae,Leptopelis,spiritusnoctis,79825,46,28.79,NA,4.79,4.6,2.91,0.513333,2.396667,Samuel_Shrimpton,MFN
Anura,Arthroleptidae,Leptopelis,spiritusnoctis,86034,46,29.11,NA,4.83,4.64,1.94,0.513333,1.426667,Samuel_Shrimpton,MFN
Anura,Arthroleptidae,Leptopelis,spiritusnoctis,88963,46,31.58,NA,4.67,4.85,2.58,0.513333,2.066667,Samuel_Shrimpton,MFN
Anura,Arthroleptidae,Leptopelis,spiritusnoctis,81086,46,29.65,NA,4.38,4.5,3,0.496666667,2.503333333,Samuel_Shrimpton,MFN
Anura,Arthroleptidae,Leptopelis,spiritusnoctis,78581,46,45.05,NA,5.01,5.59,7.76,0.513333,7.246667,Samuel_Shrimpton,MFN
Anura,Arthroleptidae,Leptopelis,spiritusnoctis,88966,46,32.99,NA,5.17,4.91,2.5,0.513333,1.986667,Samuel_Shrimpton,MFN
Anura,Arthroleptidae,Leptopelis,spiritusnoctis,88967,46,28.95,NA,4.22,4.58,2.18,0.513333,1.666667,Samuel_Shrimpton,MFN
Anura,Arthroleptidae,Leptopelis,spiritusnoctis,79833,46,28.31,NA,4.96,4.53,2.65,0.513333,2.136667,Samuel_Shrimpton,MFN
Anura,Arthroleptidae,Leptopelis,spiritusnoctis,79830,46,30.76,NA,4.34,4.61,2.84,0.513333,2.326667,Samuel_Shrimpton,MFN
Anura,Arthroleptidae,Leptopelis,spiritusnoctis,79831,46,33.46,NA,5.28,5.32,3.36,0.513333,2.846667,Samuel_Shrimpton,MFN
Anura,Arthroleptidae,Leptopelis,spiritusnoctis,79828,46,32.58,NA,4.73,4.98,3.55,0.513333,3.036667,Samuel_Shrimpton,MFN
Anura,Arthroleptidae,Leptopelis,spiritusnoctis,79829,46,28.56,NA,4.58,4.55,2.36,0.513333,1.846667,Samuel_Shrimpton,MFN
Anura,Arthroleptidae,Leptopelis,spiritusnoctis,79834,46,33.74,NA,5.64,5.48,3.96,0.513333,3.446667,Samuel_Shrimpton,MFN
Anura,Arthroleptidae,Leptopelis,spiritusnoctis,77891,46,35.33,NA,4.67,5.56,4.71,0.39,4.32,Samuel_Shrimpton,MFN
Anura,Arthroleptidae,Leptopelis,spiritusnoctis,77893,46,35.85,NA,5.51,5.55,4.57,0.39,4.18,Samuel_Shrimpton,MFN
Anura,Arthroleptidae,Leptopelis,spiritusnoctis,77892,46,35.28,NA,5.26,5.67,6.26,0.39,5.87,Samuel_Shrimpton,MFN
Anura,Arthroleptidae,Leptopelis,spiritusnoctis,81082,46,45.17,NA,5.16,4.96,9.81,0.496666667,9.313333333,Samuel_Shrimpton,MFN
Anura,Arthroleptidae,Leptopelis,spiritusnoctis,81094,46,41.33,NA,5.34,5.25,6.63,NA,NA,Samuel_Shrimpton,MFN
Anura,Arthroleptidae,Leptopelis,spiritusnoctis,81102,46,53.81,NA,5.56,6.11,17.23,0.513333,16.716667,Samuel_Shrimpton,MFN
Anura,Hylidae ,Pseudis ,paradoxa ,13936,40,44.76,94.64,3.57,3.6,10.3,NA,NA,Samuel_Shrimpton,MFN
Anura,Hylidae ,Pseudis ,paradoxa ,3191,44,48.56,NA,4.96,4.83,30.07,NA,NA,Samuel_Shrimpton,MFN
Anura,Hemisotidae,Hemisus ,marmoratus,BM-2005 1010,43,17.79,25.18,1.69,1.64,1.88,,1.88,Samuel_Shrimpton,MFN
Anura,Hemisotidae,Hemisus ,marmoratus,BM-2005 1006 ,43,17.2,26.4,1.5,1.63,1.79,,1.79,Samuel_Shrimpton,MFN
Anura,Hemisotidae,Hemisus ,marmoratus,BM-2005 1004,46,27.94,NA,2.73,2.75,4.53,,4.53,Samuel_Shrimpton,MFN
Anura,Hemisotidae,Hemisus ,marmoratus,BM-2005 1003,46,34.21,NA,2.96,3.37,7.29,,7.29,Samuel_Shrimpton,MFN
Anura,Hemisotidae,Hemisus ,marmoratus,BM-2005 1014,46,33.15,NA,3.18,2.92,5.03,,5.03,Samuel_Shrimpton,MFN
Anura,Hemisotidae,Hemisus ,marmoratus,BM-2005 1000,46,24.41,NA,2.53,2.47,3.2,,3.2,Samuel_Shrimpton,MFN
Anura,Hemisotidae,Hemisus ,marmoratus,BM-2005 999,46,26.56,NA,2.6,2.59,3.45,,3.45,Samuel_Shrimpton,MFN
Anura,Hemisotidae,Hemisus ,marmoratus,BM-2005 1013,46,20.83,NA,1.61,1.61,2.24,,2.24,Samuel_Shrimpton,MFN
Anura,Hemisotidae,Hemisus ,marmoratus,BM-2005 1002,46,28.53,NA,2.56,2.35,3,,3,Samuel_Shrimpton,MFN
Anura,Hemisotidae,Hemisus ,marmoratus,BM-2005 1001,46,18.74,NA,1.44,1.92,1.92,,1.92,Samuel_Shrimpton,MFN
Anura,Hemisotidae,Hemisus ,marmoratus,BM-2005 1011,43,17.11,23.79,1.54,1.31,1.74,,1.74,Samuel_Shrimpton,MFN
Anura,Hemisotidae,Hemisus ,marmoratus,BM-2005 1007,43,17.18,26.45,1.63,1.53,1.85,,1.85,Samuel_Shrimpton,MFN
Anura,Hemisotidae,Hemisus ,marmoratus,BM-2005 1008,43,16.17,26.66,1.53,1.3,1.69,,1.69,Samuel_Shrimpton,MFN
Anura,Hemisotidae,Hemisus ,marmoratus,BM-2005 1012,44,16.71,23.87,1.61,1.68,1.83,,1.83,Samuel_Shrimpton,MFN
Anura,Hemisotidae,Hemisus ,marmoratus,BM-2005 1009,43,16.65,26.5,1.63,1.66,1.77,,1.77,Samuel_Shrimpton,MFN
Anura,Hemisotidae,Hemisus ,marmoratus,BM-2005 1005,43,17.09,NA,1.63,1.6,1.63,,1.63,Samuel_Shrimpton,MFN
Anura,Hemisotidae,Hemisus ,marmoratus,BM-2005 1201,38,NA,32.97,1.65,1.63,1.51,,1.51,Samuel_Shrimpton,MFN
Anura,Hemisotidae,Hemisus ,marmoratus,BM-2002 213,46,30.69,NA,2.37,2.14,4.93,,4.93,Samuel_Shrimpton,MFN
Anura,Hemisotidae,Hemisus ,marmoratus,BM-2002 211,46,20.61,NA,1.78,1.89,1.81,,1.81,Samuel_Shrimpton,MFN
Anura,Hemisotidae,Hemisus ,marmoratus,BM-2002 214,46,24.78,NA,2.3,2.56,2.68,,2.68,Samuel_Shrimpton,MFN
Anura,Hemisotidae,Hemisus ,marmoratus,BM-2002 212,46,22.18,NA,1.96,2.23,2.34,,2.34,Samuel_Shrimpton,MFN
Anura,Hemisotidae,Hemisus ,marmoratus,BM 1986-1266 (1),42,18.88,39.82,1.78,1.85,2.06,,2.06,Samuel_Shrimpton,MFN
Anura,Hemisotidae,Hemisus ,marmoratus,BM 1986-1264,45,21.07,NA,1.92,1.92,2.06,,2.06,Samuel_Shrimpton,MFN
Anura,Hemisotidae,Hemisus ,marmoratus,BM 1986-1266 (2),45,16.9,20.21,1.5,1.63,1.41,,1.41,Samuel_Shrimpton,MFN
Anura,Hemisotidae,Hemisus ,marmoratus,BM 2005 1301,46,24.66,NA,2.84,2.58,3.34,,3.34,Samuel_Shrimpton,MFN
Anura,Pyxicephalidae,Aubria,subsigillata,1980-1375 (1),27,9.04,19.66,0.43,0.38,0.07,NA,NA,Samuel_Shrimpton,NHM
Anura,Pyxicephalidae,Aubria,subsigillata,1980-1375 (2),27,8.87,19.63,0.35,0.41,0.07,NA,NA,Samuel_Shrimpton,NHM
Anura,Pyxicephalidae,Aubria,subsigillata,1980-1375 (3),28,9.85,21.32,0.47,0.41,0.09,NA,NA,Samuel_Shrimpton,NHM
Anura,Pyxicephalidae,Aubria,subsigillata,1980-1375 (4),27,8.27,17.31,0.35,0.35,0.04,NA,NA,Samuel_Shrimpton,NHM
Anura,Pyxicephalidae,Aubria,subsigillata,1980-1375 (5),28,8.99,18.67,0.45,0.45,0.09,NA,NA,Samuel_Shrimpton,NHM
Anura,Pyxicephalidae,Aubria,subsigillata,1980-1375 (6),27,9.33,19.44,0.45,0.39,0.06,NA,NA,Samuel_Shrimpton,NHM
Anura,Pyxicephalidae,Aubria,subsigillata,27.6.17 (1),38,19.87,39.95,1.46,1.58,0.57,NA,NA,Samuel_Shrimpton,NHM
Anura,Pyxicephalidae,Aubria,subsigillata,27.6.17 (2),38,19.05,38.19,1.54,1.55,0.56,NA,NA,Samuel_Shrimpton,NHM
Anura,Pyxicephalidae,Aubria,subsigillata,27.6.17 (3),38,20.72,40.54,1.71,1.8,0.55,NA,NA,Samuel_Shrimpton,NHM
Anura,Pyxicephalidae,Aubria,subsigillata,27.6.17 (4),38,19.2,38.33,1.55,1.57,0.46,NA,NA,Samuel_Shrimpton,NHM
Anura,Pyxicephalidae,Aubria,subsigillata,27.6.17 (5),38,19.56,38.26,1.41,1.42,0.48,NA,NA,Samuel_Shrimpton,NHM
Anura,Pyxicephalidae,Aubria,subsigillata,27.6.17 (6),38,19.21,40.79,1.83,1.68,0.6,NA,NA,Samuel_Shrimpton,NHM
Anura,Pyxicephalidae,Aubria,subsigillata,27.6.17 (7),38,17.17,37.4,1.52,1.54,0.43,NA,NA,Samuel_Shrimpton,NHM
Anura,Pyxicephalidae,Aubria,subsigillata,27.6.17 (8),37,18.33,37.65,1.44,1.46,0.42,NA,NA,Samuel_Shrimpton,NHM
Anura,Pyxicephalidae,Aubria,subsigillata,27.6.17 (9),37,18.61,37.21,1.59,1.54,0.41,NA,NA,Samuel_Shrimpton,NHM
Anura,Pyxicephalidae,Aubria,subsigillata,27.6.17 (10),38,18.31,37.36,1.53,1.54,0.46,NA,NA,Samuel_Shrimpton,NHM